Product,menu_item,Fast Food Chain,Calories,Total Fat,Saturated Fat,Trans Fat,Cholesterol,Sodium,Carbohydrates,Fiber,Sugars,Protein
Big Mac,Burgers,McDonalds,590,34.0,11.0,1.0,85,1050,46,3.0,9.0,25
Quarter Pounder with Cheese,Burgers,McDonalds,520,26.0,12.0,1.5,95,1140,42,2.0,10.0,30
Double Quarter Pounder with Cheese,Burgers,McDonalds,740,42.0,20.0,2.5,165,1360,43,2.0,10.0,48
Quarter Pounder with Cheese Deluxe,Burgers,McDonalds,630,37.0,14.0,1.5,105,1210,44,3.0,11.0,30
McDouble,Burgers,McDonalds,400,20.0,9.0,1.0,70,920,33,2.0,7.0,22
Quarter Pounder with Cheese Bacon,Burgers,McDonalds,630,35.0,15.0,1.5,115,1470,43,3.0,10.0,36
Cheeseburger,Burgers,McDonalds,300,13.0,6.0,0.5,40,720,32,2.0,7.0,15
Double Cheeseburger,Burgers,McDonalds,450,24.0,11.0,1.5,85,1120,34,2.0,7.0,25
Hamburger The Classic McDonalds Burger,Burgers,McDonalds,250,9.0,3.5,0.0,30,510,31,1.0,6.0,12
McFlurry with OREO Cookies,Sweets Treats,McDonalds,510,16.0,8.0,0.5,40,260,80,1.0,60.0,12
McFlurry with MMS Candies,Sweets Treats,McDonalds,640,21.0,14.0,0.5,45,200,96,2.0,83.0,13
Vanilla Cone,Sweets Treats,McDonalds,200,5.0,3.0,0.0,20,80,33,0.0,23.0,5
Chocolate Shake,Sweets Treats,McDonalds,520,14.0,9.0,0.5,55,250,85,1.0,67.0,12
Vanilla Shake,Sweets Treats,McDonalds,480,13.0,8.0,0.5,50,210,80,0.0,51.0,10
Strawberry Shake,Sweets Treats,McDonalds,470,13.0,8.0,0.5,50,160,77,0.0,58.0,10
Hot Fudge Sundae,Sweets Treats,McDonalds,330,10.0,7.0,0.0,25,170,51,2.0,44.0,8
Hot Caramel Sundae,Sweets Treats,McDonalds,330,7.0,4.5,0.0,30,150,58,0.0,41.0,7
Baked Apple Pie,Sweets Treats,McDonalds,230,11.0,6.0,0.0,0,100,33,1.0,14.0,2
Chocolate Chip Cookie,Sweets Treats,McDonalds,170,8.0,4.0,0.0,10,95,22,1.0,15.0,2
World Famous Fries,Fries Sides,McDonalds,230,11.0,1.5,0.0,0,190,31,3.0,0.0,3
Apple Slices,Fries Sides,McDonalds,15,0.0,0.0,0.0,0,0,4,0.0,3.0,0
Tangy Barbeque Sauce,Fries Sides,McDonalds,45,0.0,0.0,0.0,0,260,11,0.0,9.0,0
Spicy Buffalo Sauce,Fries Sides,McDonalds,30,3.0,0.0,0.0,0,520,1,0.0,0.0,0
Creamy Ranch Sauce,Fries Sides,McDonalds,110,12.0,2.0,0.0,5,160,1,0.0,1.0,0
Honey Mustard Sauce,Fries Sides,McDonalds,60,3.5,0.5,0.0,5,125,6,1.0,4.0,0
Honey,Fries Sides,McDonalds,50,0.0,0.0,0.0,0,0,12,0.0,11.0,0
Sweet N Sour Sauce,Fries Sides,McDonalds,50,0.0,0.0,0.0,0,160,11,0.0,10.0,0
Ketchup Packet,Fries Sides,McDonalds,10,0.0,0.0,0.0,0,90,2,0.0,2.0,0
Mustard Packet,Fries Sides,McDonalds,0,0.0,0.0,0.0,0,70,0,0.0,0.0,0
Mayonnaise Packet,Fries Sides,McDonalds,90,10.0,1.5,0.0,10,60,0,0.0,0.0,0
Hamburger Happy Meal,Happy Meal,McDonalds,475,16.0,5.5,0.0,40,680,62,2.0,20.0,22
4 Piece Chicken McNuggets Happy Meal,Happy Meal,McDonalds,395,17.0,3.5,0.0,35,500,41,1.0,14.0,19
6 Piece Chicken McNuggets Happy Meal,Happy Meal,McDonalds,475,22.0,4.5,0.0,50,670,46,2.0,14.0,24
Caramel Macchiato,Mccafe Coffees,McDonalds,260,6.0,4.0,0.0,25,320,41,0.0,35.0,9
Cappuccino,Mccafe Coffees,McDonalds,110,5.0,3.5,0.0,20,75,10,0.0,8.0,6
Caramel Cappuccino,Mccafe Coffees,McDonalds,210,4.5,3.0,0.0,20,290,35,0.0,31.0,7
French Vanilla Cappuccino,Mccafe Coffees,McDonalds,210,4.5,3.0,0.0,20,65,37,0.0,28.0,5
Mocha Latte,Mccafe Coffees,McDonalds,290,9.0,5.0,0.0,30,125,45,1.0,39.0,8
Americano,Mccafe Coffees,McDonalds,0,0.0,0.0,0.0,0,10,1,0.0,0.0,0
Premium Roast Coffee,Mccafe Coffees,McDonalds,5,0.0,0.0,0.0,0,10,1,0.0,0.0,0
Iced Caramel Macchiato,Mccafe Coffees,McDonalds,200,5.0,3.0,0.0,20,250,33,0.0,28.0,7
Iced Mocha,Mccafe Coffees,McDonalds,280,10.0,6.0,0.0,35,110,39,1.0,35.0,7
Iced Coffee,Mccafe Coffees,McDonalds,140,5.0,3.5,0.0,20,50,24,0.0,22.0,2
Iced Caramel Coffee,Mccafe Coffees,McDonalds,140,5.0,3.5,0.0,20,220,23,0.0,20.0,3
Iced French Vanilla Coffee,Mccafe Coffees,McDonalds,150,5.0,3.0,0.0,15,35,25,0.0,17.0,1
Latte,Mccafe Coffees,McDonalds,140,8.0,4.5,0.0,25,100,12,0.0,11.0,7
Iced Latte,Mccafe Coffees,McDonalds,90,4.5,2.5,0.0,15,65,7,0.0,7.0,4
Caramel Latte,Mccafe Coffees,McDonalds,250,7.0,4.0,0.0,25,320,39,0.0,34.0,9
Iced Caramel Latte,Mccafe Coffees,McDonalds,180,4.5,2.5,0.0,20,240,29,0.0,25.0,6
French Vanilla Latte,Mccafe Coffees,McDonalds,250,6.0,4.0,0.0,25,90,39,0.0,29.0,8
Iced French Vanilla Latte,Mccafe Coffees,McDonalds,180,4.5,2.5,0.0,20,65,30,0.0,22.0,5
Caramel Frappé,Mccafe Coffees,McDonalds,420,17.0,11.0,0.5,55,80,60,1.0,53.0,7
Mocha Frappé,Mccafe Coffees,McDonalds,430,17.0,11.0,0.5,65,120,61,0.0,51.0,7
Chicken McNuggets,Mcnuggets Meals,McDonalds,170,10.0,1.5,0.0,25,330,10,0.0,0.0,9
10 Piece Chicken McNuggets,Mcnuggets Meals,McDonalds,410,24.0,4.0,0.0,65,850,26,1.0,0.0,23
Bacon Egg   Cheese Biscuit,Breakfast,McDonalds,460,26.0,13.0,0.0,215,1330,39,2.0,3.0,17
Egg McMuffin,Breakfast,McDonalds,310,13.0,6.0,0.0,250,770,30,2.0,3.0,17
Sausage McMuffin,Breakfast,McDonalds,400,26.0,10.0,0.5,55,760,29,2.0,2.0,14
Sausage McMuffin with Egg,Breakfast,McDonalds,480,31.0,12.0,0.5,280,830,30,2.0,2.0,20
Sausage Biscuit,Breakfast,McDonalds,460,30.0,13.0,0.0,35,1090,37,2.0,2.0,11
Sausage Biscuit  with Egg,Breakfast,McDonalds,530,35.0,15.0,0.0,225,1190,38,2.0,3.0,17
Bacon Egg  Cheese McGriddles,Breakfast,McDonalds,430,21.0,9.0,0.0,215,1230,44,2.0,15.0,17
Sausage McGriddles,Breakfast,McDonalds,430,24.0,9.0,0.0,35,990,41,2.0,14.0,11
Sausage Egg  Cheese McGriddles,Breakfast,McDonalds,550,33.0,13.0,0.0,235,1290,44,2.0,15.0,19
Big Breakfast,Breakfast,McDonalds,760,48.0,18.0,0.0,485,1530,57,3.0,3.0,26
Big Breakfast with Hotcakes,Breakfast,McDonalds,1340,63.0,24.0,0.5,525,2070,158,5.0,48.0,36
Hotcakes,Breakfast,McDonalds,580,15.0,6.0,0.0,40,530,101,2.0,45.0,9
Hotcakes and Sausage,Breakfast,McDonalds,770,33.0,12.0,0.0,75,810,102,2.0,46.0,15
Sausage Burrito,Breakfast,McDonalds,310,17.0,7.0,0.0,170,800,25,1.0,2.0,13
Hash Browns,Breakfast,McDonalds,140,8.0,1.0,0.0,0,310,18,2.0,0.0,2
Fruit  Maple Oatmeal,Breakfast,McDonalds,320,4.5,1.5,0.0,5,150,64,4.0,31.0,6
Egg McMuffin Meal,Breakfast,McDonalds,455,21.0,7.0,0.0,250,1090,49,4.0,3.0,19
Sausage McMuffin with Egg Meal,Breakfast,McDonalds,625,39.0,13.0,0.5,280,1150,49,4.0,2.0,22
Sausage Biscuit with Egg Meal,Breakfast,McDonalds,675,43.0,16.0,0.0,225,1510,57,4.0,3.0,19
Bacon Egg  Cheese Biscuit Meal,Breakfast,McDonalds,605,34.0,14.0,0.0,215,1650,58,4.0,3.0,19
Bacon Egg  Cheese McGriddles Meal,Breakfast,McDonalds,575,29.0,10.0,0.0,215,1550,63,4.0,15.0,19
Sausage Egg  Cheese McGriddles Meal,Breakfast,McDonalds,695,41.0,14.0,0.0,235,1610,63,4.0,15.0,21
Sausage McGriddles Meal,Breakfast,McDonalds,575,32.0,10.0,0.0,35,1310,60,4.0,14.0,13
Sausage Burrito Meal,Breakfast,McDonalds,455,25.0,8.0,0.0,170,1120,44,3.0,2.0,15
CocaCola,Drinks,McDonalds,150,0.0,0.0,0.0,0,40,39,0.0,39.0,0
Sprite,Drinks,McDonalds,140,0.0,0.0,0.0,0,70,35,0.0,35.0,0
Dr Pepper,Drinks,McDonalds,140,0.0,0.0,0.0,0,15,36,0.0,36.0,0
Fanta Orange,Drinks,McDonalds,150,0.0,0.0,0.0,0,40,39,0.0,38.0,0
Diet Coke,Drinks,McDonalds,0,0.0,0.0,0.0,0,50,0,0.0,0.0,0
HiC Orange Lavaburst,Drinks,McDonalds,160,0.0,0.0,0.0,0,40,40,0.0,40.0,0
Frozen Fanta Blue Raspberry,Drinks,McDonalds,60,0.0,0.0,0.0,0,30,16,0.0,16.0,0
Frozen CocaCola Classic,Drinks,McDonalds,60,0.0,0.0,0.0,0,25,16,0.0,16.0,0
Strawberry Banana Smoothie,Drinks,McDonalds,190,0.5,0.0,0.0,5,40,44,2.0,39.0,2
Mango Pineapple Smoothie,Drinks,McDonalds,200,0.5,0.0,0.0,5,35,45,1.0,42.0,2
Lemonade,Drinks,McDonalds,150,0.0,0.0,0.0,0,10,37,0.0,34.0,0
Sweet Tea,Drinks,McDonalds,100,0.0,0.0,0.0,0,15,26,0.0,24.0,0
Unsweetened Iced Tea,Drinks,McDonalds,0,0.0,0.0,0.0,0,10,0,0.0,0.0,1
Hot Tea,Drinks,McDonalds,10,0.0,0.0,0.0,0,5,0,0.0,0.0,2
Minute Maid Premium Orange Juice,Drinks,McDonalds,190,0.0,0.0,0.0,0,45,45,1.0,41.0,3
Honest Kids Appley Ever After Organic Juice Drink,Drinks,McDonalds,35,0.0,0.0,0.0,0,15,8,0.0,8.0,0
1 Low Fat Milk Jug,Drinks,McDonalds,100,2.0,1.5,0.0,10,80,12,0.0,11.0,8
Reduced Sugar Low Fat Chocolate Milk Jug,Drinks,McDonalds,130,2.5,1.5,0.0,10,85,18,0.0,14.0,9
Hot Chocolate,Drinks,McDonalds,370,13.0,8.0,0.0,45,180,54,1.0,47.0,11
DASANI Water,Drinks,McDonalds,0,0.0,0.0,0.0,0,0,0,0.0,0.0,0
Sausage Biscuit,123Dollarmenu,McDonalds,460,30.0,13.0,0.0,35,1090,37,2.0,2.0,11
Sausage McMuffin,123Dollarmenu,McDonalds,400,26.0,10.0,0.5,55,760,29,2.0,2.0,14
Sausage Burrito,123Dollarmenu,McDonalds,310,17.0,7.0,0.0,170,800,25,1.0,2.0,13
Hash Browns,123Dollarmenu,McDonalds,140,8.0,1.0,0.0,0,310,18,2.0,0.0,2
McDouble,123Dollarmenu,McDonalds,400,20.0,9.0,1.0,70,920,33,2.0,7.0,22
McChicken,123Dollarmenu,McDonalds,400,21.0,3.5,0.0,40,560,39,1.0,5.0,14
Chicken McNuggets,123Dollarmenu,McDonalds,170,10.0,1.5,0.0,25,330,10,0.0,0.0,9
World Famous Fries,123Dollarmenu,McDonalds,230,11.0,1.5,0.0,0,190,31,3.0,0.0,3
CocaCola,123Dollarmenu,McDonalds,150,0.0,0.0,0.0,0,40,39,0.0,39.0,0
Sprite,123Dollarmenu,McDonalds,140,0.0,0.0,0.0,0,70,35,0.0,35.0,0
Fanta Orange,123Dollarmenu,McDonalds,150,0.0,0.0,0.0,0,40,39,0.0,38.0,0
Dr Pepper,123Dollarmenu,McDonalds,140,0.0,0.0,0.0,0,15,36,0.0,36.0,0
Diet Coke,123Dollarmenu,McDonalds,0,0.0,0.0,0.0,0,50,0,0.0,0.0,0
HiC Orange Lavaburst,123Dollarmenu,McDonalds,160,0.0,0.0,0.0,0,40,40,0.0,40.0,0
Unsweetened Iced Tea,123Dollarmenu,McDonalds,0,0.0,0.0,0.0,0,10,0,0.0,0.0,1
Sweet Tea,123Dollarmenu,McDonalds,100,0.0,0.0,0.0,0,15,26,0.0,24.0,0
McCrispy,Chicken And Fish Sandwiches,McDonalds,470,20.0,5.0,0.0,70,1140,46,1.0,9.0,26
Deluxe McCrispy,Chicken And Fish Sandwiches,McDonalds,530,26.0,4.0,0.0,65,1050,48,2.0,10.0,27
Spicy McCrispy,Chicken And Fish Sandwiches,McDonalds,530,26.0,4.0,0.0,65,1320,48,2.0,9.0,27
Spicy Deluxe McCrispy,Chicken And Fish Sandwiches,McDonalds,530,26.0,4.0,0.0,65,1200,49,2.0,10.0,27
FiletOFish,Chicken And Fish Sandwiches,McDonalds,390,19.0,4.0,0.0,30,580,39,2.0,5.0,16
McChicken,Chicken And Fish Sandwiches,McDonalds,400,21.0,3.5,0.0,40,560,39,1.0,5.0,14
Double Down Sandwich,Limited Time Offers,KFC,950,63.0,14.0,0.0,210,2380,28,1.0,2.0,67
Spicy Double Down Sandwich,Limited Time Offers,KFC,930,62.0,14.0,0.0,205,2370,28,1.0,2.0,68
Original Recipe Chicken Breast,Original Recipe Chicken,KFC,390,21.0,4.0,0.0,120,1190,11,2.0,0.0,39
Original Recipe Chicken Drumstick,Original Recipe Chicken,KFC,130,8.0,1.5,0.0,55,430,4,1.0,0.0,12
Original Recipe Chicken Thigh,Original Recipe Chicken,KFC,280,19.0,4.5,0.0,100,910,8,1.0,0.0,19
Original Recipe Chicken Whole Wing,Original Recipe Chicken,KFC,130,8.0,2.0,0.0,55,380,3,0.0,0.0,10
Extra Crispy Chicken Breast,Extra Crispy Chicken,KFC,530,35.0,6.0,0.0,105,1150,18,0.0,0.0,35
Extra Crispy Chicken Drumstick,Extra Crispy Chicken,KFC,170,12.0,2.0,0.0,50,390,5,0.0,0.0,10
Extra Crispy Chicken Thigh,Extra Crispy Chicken,KFC,330,23.0,4.5,0.0,100,700,9,0.0,0.0,22
Extra Crispy Chicken Whole Wing,Extra Crispy Chicken,KFC,170,13.0,2.0,0.0,45,340,5,0.0,0.0,10
Kentucky Grilled Chicken Breast,Kentucky Grilled Chicken,KFC,210,7.0,2.0,0.0,130,710,0,0.0,0.0,38
Kentucky Grilled Chicken Drumstick,Kentucky Grilled Chicken,KFC,80,4.0,1.0,0.0,55,220,0,0.0,0.0,11
Kentucky Grilled Chicken Thigh,Kentucky Grilled Chicken,KFC,150,9.0,3.0,0.0,90,420,0,0.0,0.0,17
Kentucky Grilled Chicken Whole Wing,Kentucky Grilled Chicken,KFC,70,3.0,1.0,0.0,45,180,0,0.0,0.0,9
Spicy Crispy Chicken Breast,Spicy Crispy Chicken,KFC,350,20.0,3.5,0.0,100,1100,11,1.0,0.0,30
Spicy Crispy Chicken Drumstick,Spicy Crispy Chicken,KFC,130,8.0,1.5,0.0,40,420,5,1.0,0.0,9
Spicy Crispy Chicken Thigh,Spicy Crispy Chicken,KFC,270,20.0,3.5,0.0,65,720,10,1.0,0.0,13
Spicy Crispy Chicken Whole Wing,Spicy Crispy Chicken,KFC,120,8.0,1.5,0.0,35,350,5,0.0,0.0,7
Extra Crispy Tender each,Extra Crispy Tenders,KFC,140,7.0,1.0,0.0,25,320,8,0.0,0.0,10
Kentucky Fried Nuggets 1,Kentucky Fried Nuggets,KFC,35,1.5,0.0,0.0,15,140,1,0.0,0.0,3
Nashville Hot Spicy Crispy Chicken Breast,Nashville Hot Chicken,KFC,540,40.0,7.0,0.0,100,1390,14,2.0,1.0,31
Nashville Hot Spicy Crispy Chicken Drumstick,Nashville Hot Chicken,KFC,190,14.0,2.5,0.0,40,510,6,1.0,0.0,9
Nashville Hot Spicy Crispy Chicken Thigh,Nashville Hot Chicken,KFC,390,32.0,6.0,0.0,65,900,12,2.0,1.0,13
Nashville Hot Spicy Crispy Chicken Whole Wing,Nashville Hot Chicken,KFC,180,15.0,2.5,0.0,35,450,5,1.0,0.0,8
BBQ Baked Beans,Homestyle Sides (Individual),KFC,190,1.0,0.0,0.0,0,650,34,7.0,15.0,11
Biscuit,Homestyle Sides (Individual),KFC,180,8.0,4.5,0.0,0,520,22,1.0,1.0,4
Coleslaw,Homestyle Sides (Individual),KFC,170,12.0,2.0,0.0,5,180,14,4.0,10.0,1
Corn on the Cob,Homestyle Sides (Individual),KFC,70,0.5,0.0,0.0,0,0,17,2.0,3.0,2
Green Beans,Homestyle Sides (Individual),KFC,25,0.0,0.0,0.0,0,300,5,3.0,1.0,1
KFC Cornbread Muffin,Homestyle Sides (Individual),KFC,210,9.0,1.5,0.0,35,240,28,1.0,11.0,3
Macaroni  Cheese,Homestyle Sides (Individual),KFC,140,6.0,1.5,0.0,5,590,17,1.0,2.0,5
Macaroni Salad,Homestyle Sides (Individual),KFC,140,8.0,1.0,0.0,15,290,14,0.0,9.0,1
Mashed Potatoes,Homestyle Sides (Individual),KFC,110,3.5,0.5,0.0,0,330,17,1.0,0.0,2
Mashed Potatoes With Gravy,Homestyle Sides (Individual),KFC,130,4.5,1.0,0.0,0,520,20,1.0,0.0,3
Potato Salad,Homestyle Sides (Individual),KFC,340,28.0,4.5,0.0,25,290,19,2.0,3.0,2
Secret Recipe Fries,Homestyle Sides (Individual),KFC,320,15.0,2.0,0.0,0,1100,41,3.0,0.0,5
Sweet Kernel Corn,Homestyle Sides (Individual),KFC,70,0.5,0.0,0.0,0,0,16,2.0,2.0,2
BBQ Baked Beans Family,Homestyle Sides (Family),KFC,830,5.0,1.0,0.0,0,2810,148,31.0,63.0,47
Coleslaw Family,Homestyle Sides (Family),KFC,640,46.0,7.0,0.0,15,670,54,14.0,37.0,4
Corn on the Cob Family,Homestyle Sides (Family),KFC,280,2.0,0.0,0.0,0,15,67,8.0,11.0,9
Green Beans Family,Homestyle Sides (Family),KFC,80,0.0,0.0,0.0,0,930,15,9.0,3.0,4
Macaroni  Cheese Family,Homestyle Sides (Family),KFC,540,23.0,6.0,0.0,10,2220,66,5.0,8.0,18
Macaroni Salad Family,Homestyle Sides (Family),KFC,480,28.0,3.5,0.0,55,990,50,0.0,30.0,3
Mashed Potatoes Family,Homestyle Sides (Family),KFC,460,15.0,3.0,0.0,0,1410,72,6.0,0.0,9
Mashed Potatoes With Gravy Family,Homestyle Sides (Family),KFC,590,21.0,5.0,0.0,0,2590,88,6.0,1.0,12
Potato Salad Family,Homestyle Sides (Family),KFC,1200,98.0,16.0,0.0,80,1010,65,8.0,12.0,8
Secret Recipe Fries Family,Homestyle Sides (Family),KFC,840,40.0,5.0,0.0,0,2890,108,9.0,0.0,13
Sweet Kernel Corn Family,Homestyle Sides (Family),KFC,280,2.5,0.0,0.0,0,10,67,7.0,8.0,10
Chicken Littles,Sandwiches,KFC,300,15.0,2.5,0.0,30,620,27,1.0,3.0,14
Classic Chicken Sandwich,Sandwiches,KFC,650,35.0,4.5,0.0,90,1260,49,1.0,6.0,34
Crispy Twister,Sandwiches,KFC,630,34.0,7.0,0.0,70,1260,53,4.0,3.0,28
Spicy Chicken Sandwich,Sandwiches,KFC,620,33.0,4.0,0.0,85,2140,49,1.0,6.0,34
Chicken Pot Pie,Pot Pie and Bowls,KFC,720,41.0,25.0,0.0,80,1750,60,7.0,5.0,26
KFC Famous Bowl,Pot Pie and Bowls,KFC,590,23.0,5.0,0.0,85,2160,67,4.0,2.0,31
Caesar Side Salad,Salads(Does not include dressing or croutons),KFC,40,2.0,1.0,0.0,5,90,2,1.0,1.0,3
House Side Salad,Salads(Does not include dressing or croutons),KFC,15,0.0,0.0,0.0,0,10,3,2.0,2.0,1
Heinz Buttermilk Dressing,Dressing and Croutons,KFC,160,17.0,2.0,0.0,10,220,1,0.0,1.0,0
Hidden Valley The Original Ranch Fat Free Dressing,Dressing and Croutons,KFC,35,0.0,0.0,0.0,0,410,8,0.0,2.0,1
KFC Creamy Parmesan Caesar Dressing,Dressing and Croutons,KFC,260,26.0,5.0,0.0,15,540,4,0.0,2.0,2
Marzetti Light Italian Dressing,Dressing and Croutons,KFC,15,0.5,0.0,0.0,0,510,2,0.0,1.0,0
Parmesan Garlic Croutons,Dressing and Croutons,KFC,60,3.0,0.0,0.0,0,135,8,1.0,1.0,2
Apple Turnover,Desserts,KFC,230,10.0,2.5,0.0,0,140,32,1.0,12.0,2
Café Valley Chocolate Chip Cake 1 Slice,Desserts,KFC,300,15.0,3.0,0.0,50,260,39,1.0,27.0,4
Café Valley Lemon Cake 1 Slice,Desserts,KFC,220,10.0,2.0,0.0,30,170,30,0.0,20.0,2
Café Valley Mini Chocolate Chip Cake,Desserts,KFC,300,12.0,2.5,0.0,40,190,49,1.0,35.0,3
Café Valley Mini Lemon Cake,Desserts,KFC,300,13.0,2.5,0.0,50,230,43,0.0,31.0,3
BBQ  Dipping Sauce Cup,Dipping Sauces & Condiments,KFC,45,0.0,0.0,0.0,0,150,11,0.0,11.0,0
Buffalo Ranch  Dipping Sauce Cup,Dipping Sauces & Condiments,KFC,120,13.0,2.0,0.0,10,290,2,0.0,1.0,1
Colonels Buttery Spread,Dipping Sauces & Condiments,KFC,35,4.0,1.5,0.0,0,35,0,0.0,0.0,0
Grape Jelly Packet,Dipping Sauces & Condiments,KFC,35,0.0,0.0,0.0,0,10,9,0.0,7.0,0
Honey Mustard  Dipping Sauce Cup,Dipping Sauces & Condiments,KFC,110,9.0,1.5,0.0,5,120,6,0.0,6.0,0
Honey Sauce Packet,Dipping Sauces & Condiments,KFC,30,0.0,0.0,0.0,0,0,8,0.0,5.0,0
Ketchup,Dipping Sauces & Condiments,KFC,30,0.0,0.0,0.0,0,250,8,0.0,6.0,0
KFC Sauce  Dipping Sauce Cup,Dipping Sauces & Condiments,KFC,90,8.0,1.5,0.0,10,170,5,0.0,5.0,0
Lemon Juice Packet,Dipping Sauces & Condiments,KFC,5,0.0,0.0,0.0,0,20,1,0.0,0.0,0
Ranch  Dipping Sauce Cup,Dipping Sauces & Condiments,KFC,130,14.0,2.5,0.0,10,240,2,0.0,1.0,0
Strawberry Jam Packet,Dipping Sauces & Condiments,KFC,35,0.0,0.0,0.0,0,0,9,0.0,6.0,0
Kentucky Fried Chicken Nuggets Kids Meal,Kids Meal,KFC,170,8.0,1.0,0.0,65,690,7,0.0,0.0,17
Capri Sun 100 Juice Fruit Punch,Kids Drinks,KFC,80,0.0,0.0,0.0,0,25,21,0.0,20.0,0
Chocolate Milk 1,Kids Drinks,KFC,150,2.5,1.5,0.0,10,170,26,0.0,23.0,7
Milk 1,Kids Drinks,KFC,90,2.0,1.5,0.0,10,105,10,0.0,10.0,7
Musselmans Applesauce,Kids Meal Applesauce,KFC,45,0.0,0.0,0.0,0,0,12,1.0,8.0,0
7UP 12 fl oz,Beverages,KFC,140,0.0,0.0,0.0,0,50,35,0.0,35.0,0
7UP 16 fl oz,Beverages,KFC,190,0.0,0.0,0.0,0,70,46,0.0,46.0,0
7UP 20 fl oz,Beverages,KFC,240,0.0,0.0,0.0,0,85,58,0.0,58.0,0
7UP 30 fl oz,Beverages,KFC,350,0.0,0.0,0.0,0,125,87,0.0,87.0,0
Classic Lemonade 12 Gallon,Beverages,KFC,880,0.0,0.0,0.0,0,780,234,0.0,228.0,0
Classic Lemonade 20 fl oz,Beverages,KFC,140,0.0,0.0,0.0,0,130,39,0.0,38.0,0
Code Red Mountain Dew 12 fl oz,Beverages,KFC,170,0.0,0.0,0.0,0,50,46,0.0,46.0,0
Code Red Mountain Dew 16 fl oz,Beverages,KFC,230,0.0,0.0,0.0,0,65,62,0.0,62.0,0
Code Red Mountain Dew 20 fl oz,Beverages,KFC,290,0.0,0.0,0.0,0,85,77,0.0,77.0,0
Code Red Mountain Dew 30 fl oz,Beverages,KFC,430,0.0,0.0,0.0,0,125,116,0.0,115.0,0
Diet Dr Pepper 12 fl oz,Beverages,KFC,0,0.0,0.0,0.0,0,70,0,0.0,0.0,0
Diet Dr Pepper 16 fl oz,Beverages,KFC,0,0.0,0.0,0.0,0,95,0,0.0,0.0,0
Diet Dr Pepper 20 fl oz,Beverages,KFC,0,0.0,0.0,0.0,0,120,0,0.0,0.0,0
Diet Dr Pepper 30 fl oz,Beverages,KFC,0,0.0,0.0,0.0,0,180,0,0.0,0.0,0
Diet Mountain Dew 12 fl oz,Beverages,KFC,0,0.0,0.0,0.0,0,55,1,0.0,0.0,0
Diet Mountain Dew 16 fl oz,Beverages,KFC,5,0.0,0.0,0.0,0,75,1,0.0,0.0,0
Diet Mountain Dew 20 fl oz,Beverages,KFC,10,0.0,0.0,0.0,0,90,1,0.0,1.0,0
Diet Mountain Dew 30 fl oz,Beverages,KFC,10,0.0,0.0,0.0,0,140,1,0.0,1.0,0
Diet Pepsi 12 fl oz,Beverages,KFC,0,0.0,0.0,0.0,0,55,0,0.0,0.0,0
Diet Pepsi 16 fl oz,Beverages,KFC,0,0.0,0.0,0.0,0,75,0,0.0,0.0,0
Diet Pepsi 20 fl oz,Beverages,KFC,0,0.0,0.0,0.0,0,95,0,0.0,0.0,0
Diet Pepsi 30 fl oz,Beverages,KFC,0,0.0,0.0,0.0,0,140,0,0.0,0.0,0
Diet Pepsi Wild Cherry Pepsi 12 fl oz,Beverages,KFC,0,0.0,0.0,0.0,0,35,0,0.0,0.0,0
Diet Pepsi Wild Cherry Pepsi 16 fl oz,Beverages,KFC,0,0.0,0.0,0.0,0,50,0,0.0,0.0,0
Diet Pepsi Wild Cherry Pepsi 20 fl oz,Beverages,KFC,0,0.0,0.0,0.0,0,60,0,0.0,0.0,0
Diet Pepsi Wild Cherry Pepsi 30 fl oz,Beverages,KFC,0,0.0,0.0,0.0,0,95,0,0.0,0.0,0
Dr Pepper 12 fl oz,Beverages,KFC,140,0.0,0.0,0.0,0,45,39,0.0,38.0,0
Dr Pepper 16 fl oz,Beverages,KFC,190,0.0,0.0,0.0,0,60,52,0.0,51.0,0
Dr Pepper 20 fl oz,Beverages,KFC,240,0.0,0.0,0.0,0,75,65,0.0,64.0,0
Dr Pepper 30 fl oz,Beverages,KFC,360,0.0,0.0,0.0,0,110,98,0.0,96.0,0
Lipton Brisk Lemon Tea 12 fl oz,Beverages,KFC,80,0.0,0.0,0.0,0,40,22,0.0,22.0,0
Lipton Brisk Lemon Tea 16 fl oz,Beverages,KFC,110,0.0,0.0,0.0,0,55,29,0.0,29.0,0
Lipton Brisk Lemon Tea 20 fl oz,Beverages,KFC,140,0.0,0.0,0.0,0,70,36,0.0,36.0,0
Lipton Brisk Lemon Tea 30 fl oz,Beverages,KFC,210,0.0,0.0,0.0,0,105,55,0.0,54.0,0
Lipton Brisk No Calorie Peach Iced Green Tea 12 fl oz,Beverages,KFC,0,0.0,0.0,0.0,0,105,0,0.0,0.0,0
Lipton Brisk No Calorie Peach Iced Green Tea 16 fl oz,Beverages,KFC,0,0.0,0.0,0.0,0,140,0,0.0,0.0,0
Lipton Brisk No Calorie Peach Iced Green Tea 20 fl oz,Beverages,KFC,5,0.0,0.0,0.0,0,180,0,0.0,0.0,0
Lipton Brisk No Calorie Peach Iced Green Tea 30 fl oz,Beverages,KFC,10,0.0,0.0,0.0,0,270,0,0.0,0.0,0
Lipton Brisk Raspberry Tea 12 fl oz,Beverages,KFC,80,0.0,0.0,0.0,0,45,20,0.0,20.0,0
Lipton Brisk Raspberry Tea 16 fl oz,Beverages,KFC,100,0.0,0.0,0.0,0,55,26,0.0,26.0,0
Lipton Brisk Raspberry Tea 20 fl oz,Beverages,KFC,130,0.0,0.0,0.0,0,70,33,0.0,33.0,0
Lipton Brisk Raspberry Tea 30 fl oz,Beverages,KFC,190,0.0,0.0,0.0,0,110,49,0.0,49.0,0
Lipton Brisk Sweet Iced Tea 12 fl oz,Beverages,KFC,80,0.0,0.0,0.0,0,45,22,0.0,21.0,0
Lipton Brisk Sweet Iced Tea 16 fl oz,Beverages,KFC,110,0.0,0.0,0.0,0,65,29,0.0,29.0,0
Lipton Brisk Sweet Iced Tea 20 fl oz,Beverages,KFC,130,0.0,0.0,0.0,0,80,36,0.0,36.0,0
Lipton Brisk Sweet Iced Tea 30 fl oz,Beverages,KFC,200,0.0,0.0,0.0,0,120,54,0.0,54.0,0
Lipton Brisk Unsweetened No Lemon Iced Tea 12 fl oz,Beverages,KFC,0,0.0,0.0,0.0,0,45,0,0.0,0.0,0
Lipton Brisk Unsweetened No Lemon Iced Tea 16 fl oz,Beverages,KFC,0,0.0,0.0,0.0,0,60,0,0.0,0.0,0
Lipton Brisk Unsweetened No Lemon Iced Tea 20 fl oz,Beverages,KFC,0,0.0,0.0,0.0,0,75,0,0.0,0.0,0
Lipton Brisk Unsweetened No Lemon Iced Tea 30 fl oz,Beverages,KFC,0,0.0,0.0,0.0,0,115,0,0.0,0.0,0
Manzanita Sol 12 fl oz,Beverages,KFC,160,0.0,0.0,0.0,0,35,42,0.0,42.0,0
Manzanita Sol 16 fl oz,Beverages,KFC,210,0.0,0.0,0.0,0,45,57,0.0,57.0,0
Manzanita Sol 20 fl oz,Beverages,KFC,260,0.0,0.0,0.0,0,55,71,0.0,71.0,0
Manzanita Sol 30 fl oz,Beverages,KFC,400,0.0,0.0,0.0,0,80,106,0.0,106.0,0
Miranda Strawberry 12 fl oz,Beverages,KFC,160,0.0,0.0,0.0,0,70,44,0.0,44.0,0
Miranda Strawberry 16 fl oz,Beverages,KFC,220,0.0,0.0,0.0,0,95,58,0.0,58.0,0
Miranda Strawberry 20 fl oz,Beverages,KFC,270,0.0,0.0,0.0,0,120,73,0.0,73.0,0
Miranda Strawberry 30 fl oz,Beverages,KFC,410,0.0,0.0,0.0,0,180,109,0.0,109.0,0
MNT DEW Sweet Lightning 20 fl oz,Beverages,KFC,120,0.0,0.0,0.0,0,190,32,0.0,25.0,0
Mountain Dew 12 fl oz,Beverages,KFC,160,0.0,0.0,0.0,0,50,44,0.0,44.0,0
Mountain Dew 16 fl oz,Beverages,KFC,220,0.0,0.0,0.0,0,70,59,0.0,58.0,0
Mountain Dew 20 fl oz,Beverages,KFC,270,0.0,0.0,0.0,0,85,73,0.0,73.0,0
Mountain Dew 30 fl oz,Beverages,KFC,410,0.0,0.0,0.0,0,125,110,0.0,109.0,0
Mug Root Beer 12 fl oz,Beverages,KFC,140,0.0,0.0,0.0,0,45,39,0.0,39.0,0
Mug Root Beer 16 fl oz,Beverages,KFC,190,0.0,0.0,0.0,0,60,52,0.0,52.0,0
Mug Root Beer 20 fl oz,Beverages,KFC,240,0.0,0.0,0.0,0,75,65,0.0,65.0,0
Mug Root Beer 30 fl oz,Beverages,KFC,360,0.0,0.0,0.0,0,110,98,0.0,98.0,0
Pepsi Zero Sugar 12 fl oz,Beverages,KFC,0,0.0,0.0,0.0,0,35,0,0.0,0.0,0
Pepsi Zero Sugar 16 fl oz,Beverages,KFC,0,0.0,0.0,0.0,0,50,0,0.0,0.0,0
Pepsi Zero Sugar 20 fl oz,Beverages,KFC,0,0.0,0.0,0.0,0,60,0,0.0,0.0,0
Pepsi Zero Sugar 30 fl oz,Beverages,KFC,0,0.0,0.0,0.0,0,95,1,0.0,0.0,0
Pepsi 12 fl oz,Beverages,KFC,150,0.0,0.0,0.0,0,30,41,0.0,41.0,0
Pepsi 16 fl oz,Beverages,KFC,200,0.0,0.0,0.0,0,45,55,0.0,55.0,0
Pepsi 20 fl oz,Beverages,KFC,250,0.0,0.0,0.0,0,55,69,0.0,69.0,0
Pepsi 30 fl oz,Beverages,KFC,380,0.0,0.0,0.0,0,80,104,0.0,103.0,0
Sobe Lifewater Yumberry Pomegranate 12 fl oz,Beverages,KFC,0,0.0,0.0,0.0,0,45,0,0.0,0.0,0
Sobe Lifewater Yumberry Pomegranate 16 fl oz,Beverages,KFC,0,0.0,0.0,0.0,0,65,0,0.0,0.0,0
Sobe Lifewater Yumberry Pomegranate 20 fl oz,Beverages,KFC,0,0.0,0.0,0.0,0,80,0,0.0,0.0,0
Sobe Lifewater Yumberry Pomegranate 30 fl oz,Beverages,KFC,5,0.0,0.0,0.0,0,120,1,0.0,0.0,0
Starry 12 fl oz,Beverages,KFC,150,0.0,0.0,0.0,0,35,39,0.0,39.0,0
Starry 16 fl oz,Beverages,KFC,200,0.0,0.0,0.0,0,45,52,0.0,52.0,0
Starry 20 fl oz,Beverages,KFC,240,0.0,0.0,0.0,0,55,65,0.0,65.0,0
Starry 30 fl oz,Beverages,KFC,370,0.0,0.0,0.0,0,85,97,0.0,97.0,0
Tropicana Fruit Punch 12 fl oz,Beverages,KFC,170,0.0,0.0,0.0,0,35,45,0.0,45.0,0
Tropicana Fruit Punch 16 fl oz,Beverages,KFC,230,0.0,0.0,0.0,0,45,60,0.0,60.0,0
Tropicana Fruit Punch 20 fl oz,Beverages,KFC,280,0.0,0.0,0.0,0,60,75,0.0,75.0,0
Tropicana Fruit Punch 30 fl oz,Beverages,KFC,420,0.0,0.0,0.0,0,90,113,0.0,112.0,0
Tropicana Light Lemonade 12 fl oz,Beverages,KFC,5,0.0,0.0,0.0,0,140,0,0.0,0.0,0
Tropicana Light Lemonade 16 fl oz,Beverages,KFC,10,0.0,0.0,0.0,0,190,0,0.0,0.0,0
Tropicana Light Lemonade 20 fl oz,Beverages,KFC,10,0.0,0.0,0.0,0,240,0,0.0,0.0,0
Tropicana Light Lemonade 30 fl oz,Beverages,KFC,15,0.0,0.0,0.0,0,350,1,0.0,0.0,0
Tropicana Pink Lemonade 12 fl oz,Beverages,KFC,150,0.0,0.0,0.0,0,160,40,0.0,40.0,0
Tropicana Pink Lemonade 16 fl oz,Beverages,KFC,210,0.0,0.0,0.0,0,210,53,0.0,53.0,0
Tropicana Pink Lemonade 20 fl oz,Beverages,KFC,260,0.0,0.0,0.0,0,260,67,0.0,67.0,0
Tropicana Pink Lemonade 30 fl oz,Beverages,KFC,390,0.0,0.0,0.0,0,390,100,0.0,100.0,0
Tropicana Twister Orange 12 fl oz,Beverages,KFC,170,0.0,0.0,0.0,0,35,46,0.0,46.0,0
Tropicana Twister Orange 16 fl oz,Beverages,KFC,230,0.0,0.0,0.0,0,50,61,0.0,61.0,0
Tropicana Twister Orange 20 fl oz,Beverages,KFC,290,0.0,0.0,0.0,0,60,76,0.0,76.0,0
Tropicana Twister Orange 30 fl oz,Beverages,KFC,430,0.0,0.0,0.0,0,90,115,0.0,114.0,0
Wild Cherry Pepsi 12 fl oz,Beverages,KFC,160,0.0,0.0,0.0,0,30,42,0.0,42.0,0
Wild Cherry Pepsi 16 fl oz,Beverages,KFC,210,0.0,0.0,0.0,0,40,56,0.0,56.0,0
Wild Cherry Pepsi 20 fl oz,Beverages,KFC,260,0.0,0.0,0.0,0,50,70,0.0,70.0,0
Wild Cherry Pepsi 30 fl oz,Beverages,KFC,390,0.0,0.0,0.0,0,80,105,0.0,105.0,0
Country Fried Steak without Peppered White Gravy,Regional Menu Items,KFC,360,24.0,7.0,1.0,35,750,22,2.0,0.0,13
Country Fried Steak with Peppered White Gravy,Regional Menu Items,KFC,390,26.0,7.0,1.0,35,910,26,2.0,0.0,13
KFC Gizzards,Regional Menu Items,KFC,300,16.0,2.0,0.0,210,770,18,1.0,0.0,20
KFC Livers,Regional Menu Items,KFC,230,13.0,2.5,0.0,285,750,12,0.0,0.0,17
Candy Cane Chill Blizzard  Mini,Limited Time,Dairy Queen,350,11.0,8.0,0.0,30,110,57,0.0,48.0,8
Candy Cane Chill Blizzard  Small,Limited Time,Dairy Queen,600,19.0,13.0,0.5,50,180,99,1.0,83.0,12
Candy Cane Chill Blizzard  Medium,Limited Time,Dairy Queen,820,25.0,18.0,1.0,65,230,135,1.0,113.0,16
Candy Cane Chill Blizzard  Large,Limited Time,Dairy Queen,1080,33.0,23.0,1.0,85,300,178,2.0,149.0,21
Holiday Frosted Sugar Cookie Blizzard  Mini,Limited Time,Dairy Queen,390,16.0,8.0,0.0,35,160,53,0.0,42.0,8
Holiday Frosted Sugar Cookie Blizzard  Small,Limited Time,Dairy Queen,690,30.0,14.0,1.0,55,290,94,0.0,74.0,13
Holiday Frosted Sugar Cookie Blizzard  Medium,Limited Time,Dairy Queen,950,42.0,18.0,1.0,75,390,128,1.0,100.0,17
Holiday Frosted Sugar Cookie Blizzard  Large,Limited Time,Dairy Queen,1240,55.0,24.0,1.5,95,510,165,1.0,129.0,21
Caramel Fudge Cheesecake Blizzard  Large,Limited Time,Dairy Queen,1240,47.0,30.0,1.5,145,620,180,1.0,143.0,24
Caramel Fudge Cheesecake Blizzard  Medium,Limited Time,Dairy Queen,930,36.0,23.0,1.5,110,470,134,1.0,107.0,18
Caramel Fudge Cheesecake Blizzard  Mini,Limited Time,Dairy Queen,370,14.0,9.0,0.5,45,180,54,0.0,43.0,8
Caramel Fudge Cheesecake Blizzard  Small,Limited Time,Dairy Queen,660,26.0,17.0,1.0,80,330,94,1.0,76.0,14
Choco Dipped Strawberry Blizzard  Large,Limited Time,Dairy Queen,910,32.0,22.0,1.0,80,310,140,3.0,120.0,20
Choco Dipped Strawberry Blizzard  Medium,Limited Time,Dairy Queen,720,25.0,18.0,1.0,65,250,110,2.0,94.0,16
Choco Dipped Strawberry Blizzard  Mini,Limited Time,Dairy Queen,310,11.0,7.0,0.0,30,110,46,1.0,39.0,7
Choco Dipped Strawberry Blizzard  Small,Limited Time,Dairy Queen,520,19.0,13.0,0.5,50,180,79,1.0,67.0,12
Heath Caramel Brownie Cupfection,Limited Time,Dairy Queen,760,29.0,14.0,0.5,65,390,117,2.0,90.0,11
OREO Hot Cocoa Blizzard  Large,Limited Time,Dairy Queen,1390,60.0,28.0,1.5,80,680,195,4.0,150.0,24
OREO Hot Cocoa Blizzard  Medium,Limited Time,Dairy Queen,1050,45.0,22.0,1.5,65,500,147,2.0,113.0,19
OREO Hot Cocoa Blizzard  Mini,Limited Time,Dairy Queen,470,21.0,11.0,0.5,30,210,63,1.0,50.0,8
OREO Hot Cocoa Blizzard  Small,Limited Time,Dairy Queen,800,35.0,17.0,1.0,50,380,111,2.0,86.0,14
Pineapple Sunrise Julius Original  Large,Limited Time,Dairy Queen,1020,0.0,0.0,0.0,0,130,253,3.0,243.0,2
Pineapple Sunrise Julius Original  Medium,Limited Time,Dairy Queen,720,0.0,0.0,0.0,0,95,179,2.0,172.0,1
Pineapple Sunrise Julius Original  Small,Limited Time,Dairy Queen,520,0.0,0.0,0.0,0,70,128,2.0,123.0,0
Pineapple Sunrise PFS  Extra Large,Limited Time,Dairy Queen,760,0.0,0.0,0.0,0,240,178,2.0,170.0,10
Pineapple Sunrise PFS  Large,Limited Time,Dairy Queen,560,0.0,0.0,0.0,0,190,132,2.0,126.0,8
Pineapple Sunrise PFS  Medium,Limited Time,Dairy Queen,430,0.0,0.0,0.0,0,140,102,1.0,97.0,6
Pineapple Sunrise PFS  Small,Limited Time,Dairy Queen,320,0.0,0.0,0.0,0,95,77,1.0,73.0,4
Reeses Peanut Butter Cups Pie Blizzard  Medium,Limited Time,Dairy Queen,1120,56.0,25.0,1.5,65,580,137,3.0,112.0,22
Reeses Peanut Butter Cups Pie Blizzard  Small,Limited Time,Dairy Queen,820,40.0,19.0,1.0,50,410,100,2.0,83.0,16
Reeses Peanut Butter Cups Pie Blizzard Mini,Limited Time,Dairy Queen,470,24.0,12.0,0.5,30,230,57,1.0,48.0,9
Reeses Peanut Butter Cups Pie Blizzard  Large,Limited Time,Dairy Queen,1440,72.0,31.0,1.5,85,760,177,4.0,145.0,29
Royal Reeses Fluffernutter Blizzard  Large,Limited Time,Dairy Queen,1420,66.0,25.0,1.0,80,810,182,5.0,149.0,31
Royal Reeses Fluffernutter Blizzard  Medium,Limited Time,Dairy Queen,1100,48.0,19.0,1.0,65,600,147,3.0,121.0,24
Royal Reeses Fluffernutter Blizzard  Mini,Limited Time,Dairy Queen,450,17.0,7.0,0.0,30,220,67,1.0,56.0,9
Royal Reeses Fluffernutter Blizzard  Small,Limited Time,Dairy Queen,750,31.0,13.0,0.5,50,390,104,2.0,87.0,17
Snickerdoodle Cookie Dough Blizzard  Large,Limited Time,Dairy Queen,1340,56.0,25.0,1.5,90,610,187,4.0,136.0,24
Snickerdoodle Cookie Dough Blizzard  Medium,Limited Time,Dairy Queen,1020,43.0,19.0,1.0,70,460,142,3.0,103.0,18
Snickerdoodle Cookie Dough Blizzard  Mini,Limited Time,Dairy Queen,410,17.0,8.0,0.5,30,180,58,1.0,43.0,8
Snickerdoodle Cookie Dough Blizzard  Small,Limited Time,Dairy Queen,730,30.0,14.0,1.0,55,330,103,2.0,76.0,14
White Mocha Shake  Large,Limited Time,Dairy Queen,850,29.0,19.0,1.5,75,330,126,0.0,110.0,22
White Mocha Shake  Medium,Limited Time,Dairy Queen,620,22.0,15.0,1.0,55,240,90,0.0,79.0,16
White Mocha Shake  Small,Limited Time,Dairy Queen,500,19.0,13.0,1.0,45,190,71,0.0,62.0,13
Backyard Bacon Ranch Burger  Double,Signature Stackburgers,Dairy Queen,820,51.0,19.0,2.0,130,1900,53,2.0,15.0,38
Backyard Bacon Ranch Burger  Triple,Signature Stackburgers,Dairy Queen,1020,67.0,27.0,2.5,180,2310,54,2.0,15.0,50
Bacon Two Cheese Deluxe Burger  Double,Signature Stackburgers,Dairy Queen,720,47.0,19.0,2.0,130,1890,39,2.0,9.0,37
Bacon Two Cheese Deluxe Burger  Triple,Signature Stackburgers,Dairy Queen,920,63.0,26.0,2.5,180,2300,40,2.0,9.0,49
FlameThrower Burger  Double,Signature Stackburgers,Dairy Queen,720,49.0,19.0,2.0,125,1430,37,2.0,7.0,34
FlameThrower Burger  Triple,Signature Stackburgers,Dairy Queen,910,65.0,27.0,2.5,170,1820,38,2.0,7.0,46
Hamburger,Signature Stackburgers,Dairy Queen,320,13.0,5.0,0.5,35,870,36,1.0,7.0,15
Hamburger  Double,Signature Stackburgers,Dairy Queen,460,25.0,10.0,1.5,70,1030,36,1.0,7.0,24
Hamburger  Triple,Signature Stackburgers,Dairy Queen,610,37.0,15.0,2.0,110,1190,36,1.0,7.0,33
Original Cheeseburger  Double,Signature Stackburgers,Dairy Queen,570,34.0,15.0,1.5,100,1530,38,1.0,8.0,29
Original Cheeseburger  Single,Signature Stackburgers,Dairy Queen,370,18.0,8.0,1.0,50,1120,37,1.0,8.0,17
Original Cheeseburger Triple,Signature Stackburgers,Dairy Queen,760,50.0,23.0,2.5,150,1940,39,1.0,9.0,40
Two Cheese Deluxe Burger  Double,Signature Stackburgers,Dairy Queen,620,39.0,16.0,2.0,105,1510,39,2.0,9.0,29
Two Cheese Deluxe Burger  Triple,Signature Stackburgers,Dairy Queen,820,55.0,24.0,2.5,155,1930,40,2.0,9.0,41
Chicken Strip Basket  6 pc,Chicken  Salads,Dairy Queen,1300,61.0,11.0,0.0,85,2750,139,8.0,5.0,48
Chicken Strips  3 pc,Chicken  Salads,Dairy Queen,430,20.0,3.5,0.0,45,950,41,2.0,2.0,19
Original Chicken Strip Sandwich,Chicken  Salads,Dairy Queen,550,26.0,4.5,0.0,40,990,62,3.0,6.0,18
Sauced  Tossed Honey BBQ Chicken Strip Basket  4 Piece,Chicken  Salads,Dairy Queen,1140,48.0,8.0,0.0,60,2640,142,7.0,32.0,35
Sauced  Tossed Honey BBQ Chicken Strip Basket  6 Piece,Chicken  Salads,Dairy Queen,1480,61.0,11.0,0.0,85,3570,186,9.0,48.0,49
Side Salad,Chicken  Salads,Dairy Queen,20,0.0,0.0,0.0,0,10,4,1.0,3.0,1
Spicy Chicken Strip Sandwich,Chicken  Salads,Dairy Queen,530,23.0,4.0,0.0,40,1060,63,3.0,8.0,18
Cheese Dog,Hot Dogs,Dairy Queen,390,24.0,10.0,1.0,50,1000,27,1.0,3.0,16
Chili Cheese Dog,Hot Dogs,Dairy Queen,420,26.0,11.0,1.0,55,1070,28,1.0,4.0,18
Chili Cheese Dogs 2,Hot Dogs,Dairy Queen,850,53.0,22.0,2.5,110,2140,56,2.0,7.0,36
Chili Dog,Hot Dogs,Dairy Queen,390,23.0,9.0,1.0,45,1060,29,1.0,4.0,16
Classic Dog,Hot Dogs,Dairy Queen,330,19.0,8.0,1.0,35,820,25,1.0,3.0,12
Hot Dog,Hot Dogs,Dairy Queen,330,19.0,8.0,1.0,35,820,25,1.0,3.0,12
Applesauce,Kids Meals,Dairy Queen,45,0.0,0.0,0.0,0,0,11,2.0,7.0,0
Banana,Kids Meals,Dairy Queen,110,0.0,0.0,0.0,0,0,27,3.0,14.0,1
Chicken Strips  2 pc,Kids Meals,Dairy Queen,280,13.0,2.5,0.0,30,640,28,1.0,1.0,13
Fries Kids,Kids Meals,Dairy Queen,170,8.0,1.0,0.0,0,370,23,2.0,0.0,3
Hamburger,Kids Meals,Dairy Queen,320,13.0,5.0,0.5,35,870,36,1.0,7.0,15
Hot Dog,Kids Meals,Dairy Queen,330,19.0,8.0,1.0,35,820,25,1.0,3.0,12
Milk,Kids Meals,Dairy Queen,110,2.5,1.5,0.0,10,130,12,0.0,12.0,8
Cheese Curds  Large,Snacks and Sides,Dairy Queen,1000,67.0,38.0,0.5,165,1960,52,0.0,3.0,49
Cheese Curds  Regular,Snacks and Sides,Dairy Queen,500,34.0,19.0,0.0,85,990,26,0.0,1.0,24
Doritos  Nacho Cheese Tortilla Chips,Snacks and Sides,Dairy Queen,240,14.0,2.0,0.0,0,360,28,2.0,0.0,3
Fries Large,Snacks and Sides,Dairy Queen,450,21.0,3.0,0.0,0,950,59,4.0,0.0,8
Fries Regular,Snacks and Sides,Dairy Queen,280,13.0,2.0,0.0,0,590,36,3.0,0.0,5
FryRings  A la Carte,Snacks and Sides,Dairy Queen,400,18.0,2.5,0.0,0,890,53,3.0,2.0,7
Lays BBQ Potato Chips,Snacks and Sides,Dairy Queen,230,15.0,2.0,0.0,0,230,23,2.0,3.0,3
Lays Potato Chips  Original,Snacks and Sides,Dairy Queen,240,16.0,2.0,0.0,0,250,23,2.0,1.0,3
Onion Rings Large,Snacks and Sides,Dairy Queen,450,20.0,3.0,0.0,0,1050,60,3.0,4.0,7
Onion Rings Regular,Snacks and Sides,Dairy Queen,290,13.0,2.0,0.0,0,680,39,2.0,3.0,5
Oven Baked Lays Original Potato Crisps,Snacks and Sides,Dairy Queen,130,2.0,0.0,0.0,0,150,26,2.0,2.0,2
Soft Pretzel Sticks with Zesty Queso,Snacks and Sides,Dairy Queen,340,10.0,3.5,0.0,5,2130,53,2.0,7.0,10
BBQ Dipping Sauce Cup,Dressing Sauces and Dips,Dairy Queen,90,0.0,0.0,0.0,0,430,21,1.0,16.0,1
Country Gravy Dipping Sauce,Dressing Sauces and Dips,Dairy Queen,70,4.5,1.5,0.0,0,360,6,0.0,1.0,0
Honey Mustard Dipping Sauce Cup,Dressing Sauces and Dips,Dairy Queen,240,20.0,3.0,0.0,15,450,15,0.0,14.0,1
House Made Hidden Valley Ranch Dipping Sauce Cup,Dressing Sauces and Dips,Dairy Queen,220,22.0,4.0,0.0,20,370,3,0.0,2.0,1
Kraft Fat Free Italian Dressing,Dressing Sauces and Dips,Dairy Queen,25,0.0,,,0,380,4,,3.0,0
Kraft Honey Mustard Dressing,Dressing Sauces and Dips,Dairy Queen,130,9.0,1.5,0.0,10,330,12,0.0,,0
Marzetti Light Italian Dressing,Dressing Sauces and Dips,Dairy Queen,15,1.0,0.0,0.0,0,730,2,0.0,2.0,0
Wild Buffalo Dipping Sauce Cup,Dressing Sauces and Dips,Dairy Queen,90,10.0,1.0,0.0,0,1000,1,0.0,0.0,0
Zesty Queso Dipping Sauce,Dressing Sauces and Dips,Dairy Queen,130,11.0,4.0,0.0,15,710,6,0.0,0.0,3
BBQ Sandwich,Local Favorites,Dairy Queen,280,7.0,2.5,0.0,25,750,39,2.0,12.0,14
Chili Cheese Fries,Local Favorites,Dairy Queen,990,52.0,14.0,1.0,50,2280,107,9.0,4.0,25
Corn Dog,Local Favorites,Dairy Queen,240,13.0,3.0,0.0,25,390,25,2.0,7.0,6
Mega Chili Cheese Dog,Local Favorites,Dairy Queen,760,49.0,20.0,2.0,100,1910,49,2.0,6.0,32
Pork Tenderloin Sandwich,Local Favorites,Dairy Queen,600,34.0,7.0,0.0,45,990,52,3.0,7.0,21
Steakfinger Basket,Local Favorites,Dairy Queen,940,51.0,13.0,0.5,50,2120,97,5.0,3.0,23
Wild Alaskan Fish Sandwich,Local Favorites,Dairy Queen,420,16.0,3.0,0.0,30,960,50,1.0,7.0,17
Butterfinger Blizzard  Large,Local Favorites,Dairy Queen,1060,37.0,22.0,1.0,85,480,155,2.0,119.0,27
Butterfinger Blizzard  Medium,Local Favorites,Dairy Queen,800,28.0,17.0,1.0,65,360,118,2.0,91.0,20
Butterfinger Blizzard  Mini,Local Favorites,Dairy Queen,350,12.0,7.0,0.0,30,150,52,1.0,41.0,9
Butterfinger Blizzard  Small,Local Favorites,Dairy Queen,590,21.0,12.0,0.5,50,270,87,1.0,68.0,15
Choco Brownie Extreme Blizzard  Large,Local Favorites,Dairy Queen,1330,60.0,33.0,1.5,85,620,184,7.0,142.0,26
Choco Brownie Extreme Blizzard  Medium,Local Favorites,Dairy Queen,980,43.0,25.0,1.0,70,460,137,5.0,106.0,20
Choco Brownie Extreme Blizzard  Mini,Local Favorites,Dairy Queen,420,18.0,10.0,0.0,30,190,58,2.0,46.0,9
Choco Brownie Extreme Blizzard  Small,Local Favorites,Dairy Queen,740,33.0,18.0,1.0,50,340,103,4.0,81.0,15
Chocolate Chip Cookie Dough Blizzard  Large,Local Favorites,Dairy Queen,1370,54.0,33.0,1.5,80,740,201,3.0,151.0,23
Chocolate Chip Cookie Dough Blizzard  Medium,Local Favorites,Dairy Queen,1030,40.0,24.0,1.0,60,550,151,2.0,113.0,18
Chocolate Chip Cookie Dough Blizzard  Mini,Local Favorites,Dairy Queen,410,16.0,9.0,0.0,30,210,60,1.0,46.0,8
Chocolate Chip Cookie Dough Blizzard  Small,Local Favorites,Dairy Queen,710,27.0,16.0,0.5,45,380,104,1.0,78.0,13
Heath Blizzard  Large,Local Favorites,Dairy Queen,1190,49.0,32.0,1.5,90,590,168,2.0,148.0,23
Heath Blizzard  Medium,Local Favorites,Dairy Queen,880,37.0,24.0,1.0,70,430,124,1.0,110.0,17
Heath Blizzard  Mini,Local Favorites,Dairy Queen,360,14.0,9.0,0.0,30,170,52,0.0,45.0,8
Heath Blizzard  Small,Local Favorites,Dairy Queen,640,26.0,16.0,1.0,55,310,91,1.0,79.0,13
MMs Chocolate Candy Blizzard  Large,Local Favorites,Dairy Queen,1160,38.0,24.0,1.0,85,380,183,3.0,159.0,23
MMs Chocolate Candy Blizzard  Medium,Local Favorites,Dairy Queen,880,29.0,18.0,1.0,65,290,135,2.0,117.0,18
MMs Chocolate Candy Blizzard  Small,Local Favorites,Dairy Queen,660,21.0,13.0,0.5,50,220,103,1.0,89.0,14
MMs Chocolate Candy Blizzard Mini,Local Favorites,Dairy Queen,370,12.0,8.0,0.0,30,125,58,1.0,50.0,8
OREO Cookie Blizzard  Large,Local Favorites,Dairy Queen,1050,39.0,20.0,1.5,80,500,156,1.0,121.0,22
OREO Cookie Blizzard  Medium,Local Favorites,Dairy Queen,820,30.0,16.0,1.0,65,390,121,1.0,94.0,17
OREO Cookie Blizzard  Mini,Local Favorites,Dairy Queen,330,12.0,6.0,0.0,30,150,48,0.0,39.0,7
OREO Cookie Blizzard  Small,Local Favorites,Dairy Queen,600,22.0,12.0,1.0,50,280,89,1.0,70.0,13
Reeses Peanut Butter Cups Blizzard  Large,Local Favorites,Dairy Queen,1080,45.0,23.0,1.5,85,550,148,3.0,128.0,28
Reeses Peanut Butter Cups Blizzard  Medium,Local Favorites,Dairy Queen,820,34.0,17.0,1.0,65,410,113,2.0,97.0,21
Reeses Peanut Butter Cups Blizzard  Mini,Local Favorites,Dairy Queen,360,14.0,7.0,0.0,30,170,50,1.0,43.0,9
Reeses Peanut Butter Cups Blizzard  Small,Local Favorites,Dairy Queen,610,24.0,13.0,1.0,50,300,84,1.0,72.0,16
Royal New York Cheesecake Blizzard Filled with Strawberry  Large,Local Favorites,Dairy Queen,1320,60.0,28.0,2.0,135,690,171,2.0,135.0,25
Royal New York Cheesecake Blizzard Filled with Strawberry  Medium,Local Favorites,Dairy Queen,1040,46.0,21.0,1.5,105,530,140,2.0,112.0,19
Royal New York Cheesecake Blizzard Filled with Strawberry  Mini,Local Favorites,Dairy Queen,450,18.0,8.0,0.5,40,220,65,1.0,53.0,8
Royal New York Cheesecake Blizzard Filled with Strawberry  Small,Local Favorites,Dairy Queen,750,32.0,15.0,1.0,75,380,102,2.0,82.0,14
Royal Ultimate Choco Brownie Blizzard Filled with Fudge  Large,Local Favorites,Dairy Queen,1340,60.0,36.0,1.0,80,620,186,8.0,148.0,25
Royal Ultimate Choco Brownie Blizzard Filled with Fudge  Medium,Local Favorites,Dairy Queen,1040,45.0,29.0,1.0,65,480,146,5.0,117.0,19
Royal Ultimate Choco Brownie Blizzard Filled with Fudge  Mini,Local Favorites,Dairy Queen,480,21.0,13.0,0.0,30,220,68,2.0,55.0,9
Royal Ultimate Choco Brownie Blizzard Filled with Fudge  Small,Local Favorites,Dairy Queen,770,34.0,20.0,0.5,45,350,107,4.0,86.0,14
Snickers Blizzard  Large,Local Favorites,Dairy Queen,1060,36.0,20.0,1.0,80,450,162,2.0,138.0,24
Snickers Blizzard  Medium,Local Favorites,Dairy Queen,800,28.0,15.0,1.0,65,340,120,1.0,102.0,19
Snickers Blizzard  Mini,Local Favorites,Dairy Queen,350,12.0,7.0,0.0,30,150,53,0.0,45.0,8
Snickers Blizzard  Small,Local Favorites,Dairy Queen,610,20.0,11.0,0.5,50,260,92,1.0,78.0,14
Turtle Pecan Cluster Blizzard  Large,Local Favorites,Dairy Queen,1370,71.0,41.0,1.5,85,510,165,4.0,132.0,24
Turtle Pecan Cluster Blizzard  Medium,Local Favorites,Dairy Queen,1020,52.0,29.0,1.0,65,390,123,3.0,99.0,18
Turtle Pecan Cluster Blizzard  Mini,Local Favorites,Dairy Queen,430,22.0,14.0,0.0,30,160,51,1.0,42.0,8
Turtle Pecan Cluster Blizzard  Small,Local Favorites,Dairy Queen,680,34.0,18.0,0.5,50,270,84,2.0,68.0,14
Banana Shake  Large,Local Favorites,Dairy Queen,750,27.0,19.0,1.5,75,310,109,2.0,88.0,21
Banana Shake  Medium,Local Favorites,Dairy Queen,590,22.0,16.0,1.0,55,240,83,1.0,68.0,16
Banana Shake  Small,Local Favorites,Dairy Queen,470,19.0,13.0,1.0,45,190,64,1.0,53.0,13
Caramel Shake  Large,Local Favorites,Dairy Queen,980,31.0,21.0,1.5,85,450,154,0.0,124.0,22
Caramel Shake  Medium,Local Favorites,Dairy Queen,750,25.0,17.0,1.5,65,330,115,0.0,93.0,17
Caramel Shake  Small,Local Favorites,Dairy Queen,550,20.0,14.0,1.0,50,240,79,0.0,65.0,13
Chocolate Shake  Large,Local Favorites,Dairy Queen,920,28.0,19.0,1.5,75,390,147,2.0,128.0,21
Chocolate Shake  Medium,Local Favorites,Dairy Queen,710,23.0,16.0,1.0,60,290,110,1.0,96.0,16
Chocolate Shake  Small,Local Favorites,Dairy Queen,530,19.0,14.0,1.0,45,220,77,1.0,67.0,13
Hot Fudge Shake  Large,Local Favorites,Dairy Queen,990,38.0,29.0,1.5,75,440,140,1.0,112.0,23
Hot Fudge Shake  Medium,Local Favorites,Dairy Queen,750,30.0,23.0,1.5,60,330,105,1.0,85.0,17
Hot Fudge Shake  Small,Local Favorites,Dairy Queen,550,22.0,17.0,1.0,45,240,75,0.0,61.0,13
Make It A Malt Adds  Large,Local Favorites,Dairy Queen,110,1.0,1.0,0.0,5,105,23,1.0,16.0,2
Make It A Malt Adds  Medium,Local Favorites,Dairy Queen,80,1.0,0.5,0.0,5,80,18,1.0,12.0,1
Make It A Malt Adds  Small,Local Favorites,Dairy Queen,60,0.5,0.0,0.0,0,50,12,0.0,8.0,1
Peanut Butter Shake  Large,Local Favorites,Dairy Queen,1250,72.0,26.0,1.5,75,830,119,4.0,89.0,30
Peanut Butter Shake  Medium,Local Favorites,Dairy Queen,930,53.0,20.0,1.0,60,590,91,3.0,69.0,22
Peanut Butter Shake  Small,Local Favorites,Dairy Queen,640,34.0,16.0,1.0,45,370,67,1.0,54.0,16
Strawberry Shake  Large,Local Favorites,Dairy Queen,800,27.0,19.0,1.5,75,340,120,1.0,105.0,21
Strawberry Shake  Medium,Local Favorites,Dairy Queen,630,23.0,16.0,1.0,60,260,92,1.0,80.0,16
Strawberry Shake  Small,Local Favorites,Dairy Queen,490,19.0,14.0,1.0,45,200,68,0.0,59.0,13
Vanilla Shake  Large,Local Favorites,Dairy Queen,860,29.0,20.0,1.5,80,340,127,0.0,112.0,22
Vanilla Shake  Medium,Local Favorites,Dairy Queen,660,23.0,16.0,1.0,60,260,97,0.0,85.0,16
Vanilla Shake  Small,Local Favorites,Dairy Queen,520,19.0,14.0,1.0,50,200,73,0.0,65.0,13
Caramel MooLatte  Large,Local Favorites,Dairy Queen,780,21.0,15.0,1.0,50,320,135,0.0,113.0,13
Caramel MooLatte  Medium,Local Favorites,Dairy Queen,620,18.0,13.0,1.0,40,240,103,0.0,87.0,10
Caramel MooLatte  Small,Local Favorites,Dairy Queen,490,15.0,11.0,1.0,30,190,81,0.0,69.0,8
Mocha MooLatte  Large,Local Favorites,Dairy Queen,780,29.0,16.0,1.0,50,310,121,2.0,106.0,14
Mocha MooLatte  Medium,Local Favorites,Dairy Queen,620,23.0,14.0,1.0,40,240,94,2.0,82.0,11
Mocha MooLatte  Small,Local Favorites,Dairy Queen,500,18.0,12.0,1.0,30,180,76,1.0,67.0,9
Vanilla MooLatte  Large,Local Favorites,Dairy Queen,700,19.0,14.0,1.0,45,240,121,0.0,109.0,12
Vanilla MooLatte  Medium,Local Favorites,Dairy Queen,560,17.0,12.0,1.0,35,190,93,0.0,84.0,9
Vanilla MooLatte  Small,Local Favorites,Dairy Queen,450,14.0,11.0,1.0,30,150,74,0.0,67.0,7
Mango Misty Freeze  Extra Large,Local Favorites,Dairy Queen,890,22.0,14.0,1.0,75,300,158,0.0,138.0,18
Mango Misty Freeze  Large,Local Favorites,Dairy Queen,640,15.0,10.0,1.0,50,210,115,0.0,101.0,12
Mango Misty Freeze  Medium,Local Favorites,Dairy Queen,490,12.0,8.0,0.5,40,170,86,0.0,75.0,10
Mango Misty Freeze  Small,Local Favorites,Dairy Queen,390,10.0,6.0,0.0,30,130,69,0.0,60.0,8
Mango Misty Slush  Extra Large,Local Favorites,Dairy Queen,550,0.0,0.0,0.0,0,80,138,0.0,133.0,0
Mango Misty Slush  Large,Local Favorites,Dairy Queen,390,0.0,0.0,0.0,0,60,99,0.0,95.0,0
Mango Misty Slush  Medium,Local Favorites,Dairy Queen,290,0.0,0.0,0.0,0,45,74,0.0,71.0,0
Mango Misty Slush  Small,Local Favorites,Dairy Queen,230,0.0,0.0,0.0,0,35,57,0.0,55.0,0
Misty Freeze  Large,Local Favorites,Dairy Queen,590,15.0,10.0,1.0,50,210,102,0.0,90.0,12
Misty Freeze  Medium,Local Favorites,Dairy Queen,450,12.0,8.0,0.5,40,160,77,0.0,68.0,10
Misty Freeze  Small,Local Favorites,Dairy Queen,360,10.0,6.0,0.0,30,130,62,0.0,55.0,8
Misty Slush  Large,Local Favorites,Dairy Queen,340,0.0,0.0,0.0,0,55,86,0.0,85.0,0
Misty Slush  Medium,Local Favorites,Dairy Queen,260,0.0,0.0,0.0,0,40,65,0.0,64.0,0
Misty Slush  Small,Local Favorites,Dairy Queen,200,0.0,0.0,0.0,0,35,50,0.0,50.0,0
Banana Split,Local Favorites,Dairy Queen,520,14.0,9.0,0.5,30,150,94,4.0,74.0,9
Brownie and OREO Cupfection,Local Favorites,Dairy Queen,720,23.0,9.0,0.5,55,330,122,2.0,96.0,10
Peanut Buster Parfait,Local Favorites,Dairy Queen,710,31.0,18.0,0.5,35,340,95,3.0,68.0,17
Add DQ Sprinkles,Local Favorites,Dairy Queen,35,1.5,1.0,0.0,0,0,6,0.0,3.0,0
Caramel Sundae  Large,Local Favorites,Dairy Queen,600,16.0,10.0,1.0,55,260,102,0.0,81.0,12
Caramel Sundae  Medium,Local Favorites,Dairy Queen,430,11.0,7.0,0.5,35,190,73,0.0,58.0,9
Caramel Sundae  Small,Local Favorites,Dairy Queen,300,8.0,5.0,0.0,25,130,50,0.0,40.0,6
Cherry Sundae  Large,Local Favorites,Dairy Queen,510,14.0,9.0,0.5,45,200,86,1.0,73.0,12
Cherry Sundae  Medium,Local Favorites,Dairy Queen,360,9.0,6.0,0.0,30,135,61,0.0,52.0,8
Cherry Sundae  Small,Local Favorites,Dairy Queen,250,7.0,4.5,0.0,25,95,42,0.0,36.0,6
Chocolate Sundae  Large,Local Favorites,Dairy Queen,560,14.0,9.0,0.5,45,220,97,1.0,84.0,12
Chocolate Sundae  Medium,Local Favorites,Dairy Queen,400,10.0,6.0,0.0,30,160,70,1.0,60.0,8
Chocolate Sundae  Small,Local Favorites,Dairy Queen,270,7.0,4.5,0.0,25,110,48,1.0,41.0,6
Hot Fudge Sundae  Large,Local Favorites,Dairy Queen,610,21.0,16.0,1.0,50,260,93,1.0,73.0,13
Hot Fudge Sundae  Medium,Local Favorites,Dairy Queen,430,15.0,11.0,0.5,35,190,66,1.0,52.0,9
Hot Fudge Sundae  Small,Local Favorites,Dairy Queen,300,10.0,8.0,0.0,25,125,46,0.0,36.0,6
Peanut Butter Sundae  Large,Local Favorites,Dairy Queen,780,44.0,13.0,0.5,45,520,79,3.0,58.0,18
Peanut Butter Sundae  Medium,Local Favorites,Dairy Queen,560,32.0,10.0,0.0,30,380,56,2.0,40.0,13
Peanut Butter Sundae  Small,Local Favorites,Dairy Queen,380,22.0,7.0,0.0,25,260,39,1.0,28.0,9
Pineapple Sundae  Large,Local Favorites,Dairy Queen,480,14.0,9.0,0.5,45,170,77,1.0,67.0,12
Pineapple Sundae  Medium,Local Favorites,Dairy Queen,330,10.0,6.0,0.0,30,120,54,1.0,47.0,8
Pineapple Sundae  Small,Local Favorites,Dairy Queen,230,7.0,4.5,0.0,25,85,38,0.0,33.0,6
Strawberry Sundae  Large,Local Favorites,Dairy Queen,490,14.0,9.0,0.5,45,190,80,1.0,69.0,12
Strawberry Sundae  Medium,Local Favorites,Dairy Queen,340,10.0,6.0,0.0,30,135,56,1.0,49.0,8
Strawberry Sundae  Small,Local Favorites,Dairy Queen,240,7.0,4.5,0.0,25,95,39,0.0,34.0,6
Chocolate Cone  Kids,Local Favorites,Dairy Queen,160,5.0,3.0,0.0,15,60,25,0.0,17.0,4
Chocolate Cone  Large,Local Favorites,Dairy Queen,480,15.0,9.0,0.5,45,190,73,0.0,50.0,12
Chocolate Cone  Medium,Local Favorites,Dairy Queen,340,10.0,6.0,0.0,30,130,52,0.0,35.0,8
Chocolate Cone  Small,Local Favorites,Dairy Queen,240,7.0,4.5,0.0,25,90,36,0.0,25.0,6
Dipped Cone Cherry  Kids,Local Favorites,Dairy Queen,210,9.0,7.0,0.0,15,65,28,0.0,20.0,4
Dipped Cone Cherry  Large,Local Favorites,Dairy Queen,550,22.0,16.0,0.5,45,190,76,0.0,57.0,12
Dipped Cone Cherry  Medium,Local Favorites,Dairy Queen,460,22.0,18.0,0.0,30,140,58,0.0,44.0,8
Dipped Cone Cherry  Small,Local Favorites,Dairy Queen,320,15.0,12.0,0.0,25,95,40,0.0,31.0,6
Dipped Cone Chocolate  Kids,Local Favorites,Dairy Queen,200,9.0,7.0,0.0,15,65,28,0.0,20.0,4
Dipped Cone Chocolate  Large,Local Favorites,Dairy Queen,640,30.0,23.0,0.5,45,200,81,1.0,60.0,13
Dipped Cone Chocolate  Medium,Local Favorites,Dairy Queen,460,22.0,17.0,0.0,30,140,58,1.0,43.0,9
Dipped Cone Chocolate  Small,Local Favorites,Dairy Queen,320,15.0,12.0,0.0,25,95,40,1.0,30.0,6
Vanilla Cone  Kids,Local Favorites,Dairy Queen,160,4.5,3.0,0.0,15,65,25,0.0,18.0,4
Vanilla Cone  Large,Local Favorites,Dairy Queen,450,14.0,9.0,0.5,45,180,71,0.0,52.0,12
Vanilla Cone  Medium,Local Favorites,Dairy Queen,320,10.0,6.0,0.0,30,130,50,0.0,36.0,8
Vanilla Cone  Small,Local Favorites,Dairy Queen,220,7.0,4.5,0.0,25,90,34,0.0,26.0,6
AO23  Sheet Cake Multi Color Icing Quins and Streamers  RTD,Local Favorites,Dairy Queen,8850,354.0,265.0,6.0,625,4870,1311,49.0,969.0,173
AO23  Sheet Cake Multi Color Icing Quins and Streamers  Store Made,Local Favorites,Dairy Queen,8480,339.0,256.0,8.0,495,3820,1206,23.0,930.0,154
AO5a  10 Dots Blue Orange Yellow Green Icing  RTD,Local Favorites,Dairy Queen,5840,236.0,178.0,4.5,460,3150,885,30.0,646.0,120
AO5a  10 Dots Blue Orange Yellow Green Icing  Store Made,Local Favorites,Dairy Queen,5570,223.0,169.0,6.0,365,2410,812,12.0,618.0,106
AO5a  8 Dots Blue Orange Yellow Green Icing  RTD,Local Favorites,Dairy Queen,3920,161.0,123.0,3.0,300,2090,595,20.0,431.0,78
AO5a  8 Dots Blue Orange Yellow Green Icing  Store Made,Local Favorites,Dairy Queen,3760,153.0,118.0,4.0,240,1610,549,8.0,415.0,70
Buster Bar 6 Pack  Manufactured,Local Favorites,Dairy Queen,2850,177.0,107.0,1.0,95,1090,274,18.0,223.0,61
Buster Bar 6 Pack  Store Made,Local Favorites,Dairy Queen,2650,161.0,95.0,1.5,90,1160,255,18.0,201.0,63
Dilly Bar 6 Pack  Manufactured,Local Favorites,Dairy Queen,1340,74.0,61.0,1.0,85,340,153,4.0,127.0,20
Dilly Bar 6 Pack  Store Made,Local Favorites,Dairy Queen,1210,71.0,59.0,1.0,75,300,128,3.0,108.0,19
DQ Sandwich  6 Pack,Local Favorites,Dairy Queen,1100,31.0,18.0,1.0,65,780,182,3.0,104.0,23
Mango Pineapple Smoothie  Large,Local Favorites,Dairy Queen,420,0.0,0.0,0.0,0,180,96,1.0,92.0,8
Mango Pineapple Smoothie  Medium,Local Favorites,Dairy Queen,330,0.0,0.0,0.0,0,135,77,1.0,74.0,6
Mango Pineapple Smoothie  Small,Local Favorites,Dairy Queen,250,0.0,0.0,0.0,0,90,59,1.0,56.0,4
Mango Pineapple Smoothie  XLarge,Local Favorites,Dairy Queen,590,0.0,0.0,0.0,0,230,136,1.0,130.0,10
Strawberry Banana Smoothie  Large,Local Favorites,Dairy Queen,440,0.0,0.0,0.0,0,190,103,3.0,93.0,8
Strawberry Banana Smoothie  Medium,Local Favorites,Dairy Queen,350,0.0,0.0,0.0,0,140,83,3.0,75.0,6
Strawberry Banana Smoothie  Small,Local Favorites,Dairy Queen,260,0.0,0.0,0.0,0,100,62,2.0,56.0,4
Strawberry Banana Smoothie  XLarge,Local Favorites,Dairy Queen,620,0.5,0.0,0.0,0,240,144,5.0,131.0,11
Tripleberry Smoothie  Large,Local Favorites,Dairy Queen,460,0.0,0.0,0.0,0,180,107,2.0,104.0,8
Tripleberry Smoothie  Medium,Local Favorites,Dairy Queen,370,0.0,0.0,0.0,0,135,87,2.0,84.0,6
Tripleberry Smoothie  Small,Local Favorites,Dairy Queen,280,0.0,0.0,0.0,0,90,66,1.0,65.0,4
Tripleberry Smoothie  XLarge,Local Favorites,Dairy Queen,660,0.0,0.0,0.0,0,220,153,3.0,149.0,10
Orange Julius  Large,Local Favorites,Dairy Queen,400,0.0,0.0,0.0,0,70,99,0.0,95.0,2
Orange Julius  Medium,Local Favorites,Dairy Queen,260,0.0,0.0,0.0,0,45,65,0.0,62.0,1
Orange Julius  Small,Local Favorites,Dairy Queen,200,0.0,0.0,0.0,0,35,50,0.0,48.0,1
Strawberry Banana Julius  Large,Local Favorites,Dairy Queen,670,9.0,9.0,0.0,0,150,146,4.0,129.0,3
Strawberry Banana Julius  Medium,Local Favorites,Dairy Queen,460,7.0,7.0,0.0,0,105,99,3.0,86.0,2
Strawberry Banana Julius  Small,Local Favorites,Dairy Queen,330,4.5,4.5,0.0,0,75,71,2.0,64.0,1
Applewood Smoked Bacon,Local Favorites,Dairy Queen,50,3.5,1.0,0.0,10,190,0,0.0,0.0,4
Banana  Shake Malt,Local Favorites,Dairy Queen,40,0.0,0.0,0.0,0,0,10,1.0,5.0,0
BBQ Sauce,Local Favorites,Dairy Queen,30,0.0,0.0,0.0,0,110,7,0.0,6.0,0
Brownie Pieces  MediumLarge Blizzard,Local Favorites,Dairy Queen,120,6.0,3.0,0.0,5,95,17,1.0,9.0,1
Brownie Pieces  MiniSmall Blizzard,Local Favorites,Dairy Queen,60,3.0,1.5,0.0,0,50,8,1.0,5.0,1
Burger Patty,Local Favorites,Dairy Queen,150,12.0,5.0,0.5,35,160,0,0.0,0.0,9
Butterfinger Pieces  MediumLarge Blizzard,Local Favorites,Dairy Queen,170,7.0,3.5,0.0,0,90,24,1.0,14.0,3
Butterfinger Pieces  MiniSmall Blizzard,Local Favorites,Dairy Queen,80,3.5,1.5,0.0,0,45,12,1.0,7.0,2
Caramel Topping  MiniSmall Blizzard,Local Favorites,Dairy Queen,45,0.5,0.0,0.0,0,25,10,0.0,7.0,0
Caramel Topping  Sundae Shake Malt Moolatte MediumLarge Blizzard,Local Favorites,Dairy Queen,90,1.0,0.5,0.0,5,45,20,0.0,14.0,1
Cheesecake Pieces  MediumLarge Blizzard,Local Favorites,Dairy Queen,100,6.0,3.5,0.0,25,85,9,0.0,6.0,2
Cheesecake Pieces  MiniSmall Blizzard,Local Favorites,Dairy Queen,50,3.0,2.0,0.0,15,40,5,0.0,3.0,1
Chili Dog Sauce,Local Favorites,Dairy Queen,40,2.5,1.0,0.0,5,160,2,0.0,1.0,2
Choco Chunks  MediumLarge Blizzard,Local Favorites,Dairy Queen,70,4.5,4.0,0.0,0,0,9,1.0,7.0,1
Choco Chunks  MiniSmall Blizzard,Local Favorites,Dairy Queen,35,2.5,2.0,0.0,0,0,4,0.0,4.0,0
ChocolateTopping  MiniSmall Blizzard,Local Favorites,Dairy Queen,50,0.0,0.0,0.0,0,15,12,0.0,11.0,0
ChocolateTopping  Sundae Shake Malt MediumLarge Blizzard,Local Favorites,Dairy Queen,90,0.0,0.0,0.0,0,30,22,1.0,20.0,0
Cookie Dough Pieces  MediumLarge Blizzard,Local Favorites,Dairy Queen,290,14.0,6.0,0.0,5,210,42,1.0,24.0,2
Cookie Dough Pieces  MiniSmall Blizzard,Local Favorites,Dairy Queen,150,7.0,3.0,0.0,0,105,21,0.0,12.0,1
Diced Tomato,Local Favorites,Dairy Queen,5,0.0,0.0,0.0,0,0,1,0.0,1.0,0
Fudge  MediumLarge Blizzard,Local Favorites,Dairy Queen,100,4.0,4.0,0.0,0,50,15,1.0,13.0,1
Fudge  MiniSmall Blizzard,Local Favorites,Dairy Queen,50,2.0,2.0,0.0,0,25,7,0.0,7.0,0
Jalapeno Bacon,Local Favorites,Dairy Queen,20,2.0,0.5,,5,50,0,0.0,0.0,1
Ketchup  Better Burger,Local Favorites,Dairy Queen,10,0.0,0.0,0.0,0,85,3,0.0,2.0,0
Lettuce,Local Favorites,Dairy Queen,5,0.0,0.0,0.0,0,0,1,0.0,0.0,0
MMs Candies  MediumLarge Blizzard,Local Favorites,Dairy Queen,180,7.0,4.5,0.0,5,25,27,1.0,24.0,2
MMs Candies  MiniSmall Blizzard,Local Favorites,Dairy Queen,90,3.5,2.0,0.0,0,15,14,0.0,12.0,1
Mayo,Local Favorites,Dairy Queen,110,12.0,2.0,0.0,10,65,0,0.0,0.0,0
OREO Cookie Pieces  MediumLarge Blizzard,Local Favorites,Dairy Queen,180,9.0,3.0,0.0,0,115,27,1.0,17.0,1
OREO Cookie Pieces  MiniSmall Blizzard,Local Favorites,Dairy Queen,120,6.0,2.0,0.0,0,75,18,0.0,11.0,1
Peanut Butter Topping  MiniSmall Blizzard,Local Favorites,Dairy Queen,45,4.0,0.5,0.0,0,45,2,0.0,1.0,1
Peanut Butter Topping  Sundae Shake Malt MediumLarge Blizzard,Local Favorites,Dairy Queen,120,10.0,1.5,0.0,0,115,6,1.0,2.0,2
Pineapple Topping  Sundae,Local Favorites,Dairy Queen,30,0.0,0.0,0.0,0,0,7,0.0,7.0,0
Ranch,Local Favorites,Dairy Queen,50,5.0,1.0,0.0,5,95,1,0.0,0.0,0
Reeses Peanut Butter Cup Pieces  MediumLarge Blizzard,Local Favorites,Dairy Queen,180,10.0,3.5,0.0,5,125,20,1.0,18.0,4
Reeses Peanut Butter Cup Pieces  MiniSmall Blizzard,Local Favorites,Dairy Queen,90,5.0,2.0,0.0,0,60,10,1.0,9.0,2
Shredded Cheese,Local Favorites,Dairy Queen,60,4.5,2.5,0.0,15,85,1,0.0,0.0,3
Strawberry Topping  MiniSmall Blizzard,Local Favorites,Dairy Queen,25,0.0,0.0,0.0,0,10,7,0.0,6.0,0
Strawberry Topping  Sundae Shake Malt MediumLarge Blizzard,Local Favorites,Dairy Queen,60,0.0,0.0,0.0,0,15,14,1.0,13.0,0
Swiss Cheese,Local Favorites,Dairy Queen,60,4.5,3.0,0.0,15,30,0,0.0,0.0,4
Vanilla Syrup  Shake Malt MooLatte,Local Favorites,Dairy Queen,25,0.0,0.0,0.0,0,0,6,0.0,6.0,0
Yellow Mustard,Local Favorites,Dairy Queen,5,0.0,0.0,0.0,0,85,0,0.0,0.0,0
Butterfinger Blizzard  Large,BlizzardTreats,Dairy Queen,1060,37.0,22.0,1.0,85,480,155,2.0,119.0,27
Butterfinger Blizzard  Medium,BlizzardTreats,Dairy Queen,800,28.0,17.0,1.0,65,360,118,2.0,91.0,20
Butterfinger Blizzard  Mini,BlizzardTreats,Dairy Queen,350,12.0,7.0,0.0,30,150,52,1.0,41.0,9
Butterfinger Blizzard  Small,BlizzardTreats,Dairy Queen,590,21.0,12.0,0.5,50,270,87,1.0,68.0,15
Choco Brownie Extreme Blizzard  Large,BlizzardTreats,Dairy Queen,1330,60.0,33.0,1.5,85,620,184,7.0,142.0,26
Choco Brownie Extreme Blizzard  Medium,BlizzardTreats,Dairy Queen,980,43.0,25.0,1.0,70,460,137,5.0,106.0,20
Choco Brownie Extreme Blizzard  Mini,BlizzardTreats,Dairy Queen,420,18.0,10.0,0.0,30,190,58,2.0,46.0,9
Choco Brownie Extreme Blizzard  Small,BlizzardTreats,Dairy Queen,740,33.0,18.0,1.0,50,340,103,4.0,81.0,15
Chocolate Chip Cookie Dough Blizzard  Large,BlizzardTreats,Dairy Queen,1370,54.0,33.0,1.5,80,740,201,3.0,151.0,23
Chocolate Chip Cookie Dough Blizzard  Medium,BlizzardTreats,Dairy Queen,1030,40.0,24.0,1.0,60,550,151,2.0,113.0,18
Chocolate Chip Cookie Dough Blizzard  Mini,BlizzardTreats,Dairy Queen,410,16.0,9.0,0.0,30,210,60,1.0,46.0,8
Chocolate Chip Cookie Dough Blizzard  Small,BlizzardTreats,Dairy Queen,710,27.0,16.0,0.5,45,380,104,1.0,78.0,13
Heath Blizzard  Large,BlizzardTreats,Dairy Queen,1190,49.0,32.0,1.5,90,590,168,2.0,148.0,23
Heath Blizzard  Medium,BlizzardTreats,Dairy Queen,880,37.0,24.0,1.0,70,430,124,1.0,110.0,17
Heath Blizzard  Mini,BlizzardTreats,Dairy Queen,360,14.0,9.0,0.0,30,170,52,0.0,45.0,8
Heath Blizzard  Small,BlizzardTreats,Dairy Queen,640,26.0,16.0,1.0,55,310,91,1.0,79.0,13
MMs Chocolate Candy Blizzard  Large,BlizzardTreats,Dairy Queen,1160,38.0,24.0,1.0,85,380,183,3.0,159.0,23
MMs Chocolate Candy Blizzard  Medium,BlizzardTreats,Dairy Queen,880,29.0,18.0,1.0,65,290,135,2.0,117.0,18
MMs Chocolate Candy Blizzard  Small,BlizzardTreats,Dairy Queen,660,21.0,13.0,0.5,50,220,103,1.0,89.0,14
MMs Chocolate Candy Blizzard Mini,BlizzardTreats,Dairy Queen,370,12.0,8.0,0.0,30,125,58,1.0,50.0,8
OREO Cookie Blizzard  Large,BlizzardTreats,Dairy Queen,1050,39.0,20.0,1.5,80,500,156,1.0,121.0,22
OREO Cookie Blizzard  Medium,BlizzardTreats,Dairy Queen,820,30.0,16.0,1.0,65,390,121,1.0,94.0,17
OREO Cookie Blizzard  Mini,BlizzardTreats,Dairy Queen,330,12.0,6.0,0.0,30,150,48,0.0,39.0,7
OREO Cookie Blizzard  Small,BlizzardTreats,Dairy Queen,600,22.0,12.0,1.0,50,280,89,1.0,70.0,13
Reeses Peanut Butter Cups Blizzard  Large,BlizzardTreats,Dairy Queen,1080,45.0,23.0,1.5,85,550,148,3.0,128.0,28
Reeses Peanut Butter Cups Blizzard  Medium,BlizzardTreats,Dairy Queen,820,34.0,17.0,1.0,65,410,113,2.0,97.0,21
Reeses Peanut Butter Cups Blizzard  Mini,BlizzardTreats,Dairy Queen,360,14.0,7.0,0.0,30,170,50,1.0,43.0,9
Reeses Peanut Butter Cups Blizzard  Small,BlizzardTreats,Dairy Queen,610,24.0,13.0,1.0,50,300,84,1.0,72.0,16
Royal New York Cheesecake Blizzard Filled with Strawberry  Large,BlizzardTreats,Dairy Queen,1320,60.0,28.0,2.0,135,690,171,2.0,135.0,25
Royal New York Cheesecake Blizzard Filled with Strawberry  Medium,BlizzardTreats,Dairy Queen,1040,46.0,21.0,1.5,105,530,140,2.0,112.0,19
Royal New York Cheesecake Blizzard Filled with Strawberry  Mini,BlizzardTreats,Dairy Queen,450,18.0,8.0,0.5,40,220,65,1.0,53.0,8
Royal New York Cheesecake Blizzard Filled with Strawberry  Small,BlizzardTreats,Dairy Queen,750,32.0,15.0,1.0,75,380,102,2.0,82.0,14
Royal Ultimate Choco Brownie Blizzard Filled with Fudge  Large,BlizzardTreats,Dairy Queen,1340,60.0,36.0,1.0,80,620,186,8.0,148.0,25
Royal Ultimate Choco Brownie Blizzard Filled with Fudge  Medium,BlizzardTreats,Dairy Queen,1040,45.0,29.0,1.0,65,480,146,5.0,117.0,19
Royal Ultimate Choco Brownie Blizzard Filled with Fudge  Mini,BlizzardTreats,Dairy Queen,480,21.0,13.0,0.0,30,220,68,2.0,55.0,9
Royal Ultimate Choco Brownie Blizzard Filled with Fudge  Small,BlizzardTreats,Dairy Queen,770,34.0,20.0,0.5,45,350,107,4.0,86.0,14
Snickers Blizzard  Large,BlizzardTreats,Dairy Queen,1060,36.0,20.0,1.0,80,450,162,2.0,138.0,24
Snickers Blizzard  Medium,BlizzardTreats,Dairy Queen,800,28.0,15.0,1.0,65,340,120,1.0,102.0,19
Snickers Blizzard  Mini,BlizzardTreats,Dairy Queen,350,12.0,7.0,0.0,30,150,53,0.0,45.0,8
Snickers Blizzard  Small,BlizzardTreats,Dairy Queen,610,20.0,11.0,0.5,50,260,92,1.0,78.0,14
Turtle Pecan Cluster Blizzard  Large,BlizzardTreats,Dairy Queen,1370,71.0,41.0,1.5,85,510,165,4.0,132.0,24
Turtle Pecan Cluster Blizzard  Medium,BlizzardTreats,Dairy Queen,1020,52.0,29.0,1.0,65,390,123,3.0,99.0,18
Turtle Pecan Cluster Blizzard  Mini,BlizzardTreats,Dairy Queen,430,22.0,14.0,0.0,30,160,51,1.0,42.0,8
Turtle Pecan Cluster Blizzard  Small,BlizzardTreats,Dairy Queen,680,34.0,18.0,0.5,50,270,84,2.0,68.0,14
Banana Shake  Large,Shakes,Dairy Queen,750,27.0,19.0,1.5,75,310,109,2.0,88.0,21
Banana Shake  Medium,Shakes,Dairy Queen,590,22.0,16.0,1.0,55,240,83,1.0,68.0,16
Banana Shake  Small,Shakes,Dairy Queen,470,19.0,13.0,1.0,45,190,64,1.0,53.0,13
Caramel Shake  Large,Shakes,Dairy Queen,980,31.0,21.0,1.5,85,450,154,0.0,124.0,22
Caramel Shake  Medium,Shakes,Dairy Queen,750,25.0,17.0,1.5,65,330,115,0.0,93.0,17
Caramel Shake  Small,Shakes,Dairy Queen,550,20.0,14.0,1.0,50,240,79,0.0,65.0,13
Chocolate Shake  Large,Shakes,Dairy Queen,920,28.0,19.0,1.5,75,390,147,2.0,128.0,21
Chocolate Shake  Medium,Shakes,Dairy Queen,710,23.0,16.0,1.0,60,290,110,1.0,96.0,16
Chocolate Shake  Small,Shakes,Dairy Queen,530,19.0,14.0,1.0,45,220,77,1.0,67.0,13
Hot Fudge Shake  Large,Shakes,Dairy Queen,990,38.0,29.0,1.5,75,440,140,1.0,112.0,23
Hot Fudge Shake  Medium,Shakes,Dairy Queen,750,30.0,23.0,1.5,60,330,105,1.0,85.0,17
Hot Fudge Shake  Small,Shakes,Dairy Queen,550,22.0,17.0,1.0,45,240,75,0.0,61.0,13
Make It A Malt Adds  Large,Shakes,Dairy Queen,110,1.0,1.0,0.0,5,105,23,1.0,16.0,2
Make It A Malt Adds  Medium,Shakes,Dairy Queen,80,1.0,0.5,0.0,5,80,18,1.0,12.0,1
Make It A Malt Adds  Small,Shakes,Dairy Queen,60,0.5,0.0,0.0,0,50,12,0.0,8.0,1
Peanut Butter Shake  Large,Shakes,Dairy Queen,1250,72.0,26.0,1.5,75,830,119,4.0,89.0,30
Peanut Butter Shake  Medium,Shakes,Dairy Queen,930,53.0,20.0,1.0,60,590,91,3.0,69.0,22
Peanut Butter Shake  Small,Shakes,Dairy Queen,640,34.0,16.0,1.0,45,370,67,1.0,54.0,16
Strawberry Shake  Large,Shakes,Dairy Queen,800,27.0,19.0,1.5,75,340,120,1.0,105.0,21
Strawberry Shake  Medium,Shakes,Dairy Queen,630,23.0,16.0,1.0,60,260,92,1.0,80.0,16
Strawberry Shake  Small,Shakes,Dairy Queen,490,19.0,14.0,1.0,45,200,68,0.0,59.0,13
Vanilla Shake  Large,Shakes,Dairy Queen,860,29.0,20.0,1.5,80,340,127,0.0,112.0,22
Vanilla Shake  Medium,Shakes,Dairy Queen,660,23.0,16.0,1.0,60,260,97,0.0,85.0,16
Vanilla Shake  Small,Shakes,Dairy Queen,520,19.0,14.0,1.0,50,200,73,0.0,65.0,13
Caramel MooLatte  Large,MooLattéFrozen Beverages,Dairy Queen,780,21.0,15.0,1.0,50,320,135,0.0,113.0,13
Caramel MooLatte  Medium,MooLattéFrozen Beverages,Dairy Queen,620,18.0,13.0,1.0,40,240,103,0.0,87.0,10
Caramel MooLatte  Small,MooLattéFrozen Beverages,Dairy Queen,490,15.0,11.0,1.0,30,190,81,0.0,69.0,8
Mocha MooLatte  Large,MooLattéFrozen Beverages,Dairy Queen,780,29.0,16.0,1.0,50,310,121,2.0,106.0,14
Mocha MooLatte  Medium,MooLattéFrozen Beverages,Dairy Queen,620,23.0,14.0,1.0,40,240,94,2.0,82.0,11
Mocha MooLatte  Small,MooLattéFrozen Beverages,Dairy Queen,500,18.0,12.0,1.0,30,180,76,1.0,67.0,9
Vanilla MooLatte  Large,MooLattéFrozen Beverages,Dairy Queen,700,19.0,14.0,1.0,45,240,121,0.0,109.0,12
Vanilla MooLatte  Medium,MooLattéFrozen Beverages,Dairy Queen,560,17.0,12.0,1.0,35,190,93,0.0,84.0,9
Vanilla MooLatte  Small,MooLattéFrozen Beverages,Dairy Queen,450,14.0,11.0,1.0,30,150,74,0.0,67.0,7
Mango Misty Freeze  Extra Large,Misty Slush,Dairy Queen,890,22.0,14.0,1.0,75,300,158,0.0,138.0,18
Mango Misty Freeze  Large,Misty Slush,Dairy Queen,640,15.0,10.0,1.0,50,210,115,0.0,101.0,12
Mango Misty Freeze  Medium,Misty Slush,Dairy Queen,490,12.0,8.0,0.5,40,170,86,0.0,75.0,10
Mango Misty Freeze  Small,Misty Slush,Dairy Queen,390,10.0,6.0,0.0,30,130,69,0.0,60.0,8
Mango Misty Slush  Extra Large,Misty Slush,Dairy Queen,550,0.0,0.0,0.0,0,80,138,0.0,133.0,0
Mango Misty Slush  Large,Misty Slush,Dairy Queen,390,0.0,0.0,0.0,0,60,99,0.0,95.0,0
Mango Misty Slush  Medium,Misty Slush,Dairy Queen,290,0.0,0.0,0.0,0,45,74,0.0,71.0,0
Mango Misty Slush  Small,Misty Slush,Dairy Queen,230,0.0,0.0,0.0,0,35,57,0.0,55.0,0
Misty Freeze  Large,Misty Slush,Dairy Queen,590,15.0,10.0,1.0,50,210,102,0.0,90.0,12
Misty Freeze  Medium,Misty Slush,Dairy Queen,450,12.0,8.0,0.5,40,160,77,0.0,68.0,10
Misty Freeze  Small,Misty Slush,Dairy Queen,360,10.0,6.0,0.0,30,130,62,0.0,55.0,8
Misty Slush  Large,Misty Slush,Dairy Queen,340,0.0,0.0,0.0,0,55,86,0.0,85.0,0
Misty Slush  Medium,Misty Slush,Dairy Queen,260,0.0,0.0,0.0,0,40,65,0.0,64.0,0
Misty Slush  Small,Misty Slush,Dairy Queen,200,0.0,0.0,0.0,0,35,50,0.0,50.0,0
Banana Split,Curl on Top Treats,Dairy Queen,520,14.0,9.0,0.5,30,150,94,4.0,74.0,9
Brownie and OREO Cupfection,Curl on Top Treats,Dairy Queen,720,23.0,9.0,0.5,55,330,122,2.0,96.0,10
Peanut Buster Parfait,Curl on Top Treats,Dairy Queen,710,31.0,18.0,0.5,35,340,95,3.0,68.0,17
Add DQ Sprinkles,Sundaes,Dairy Queen,35,1.5,1.0,0.0,0,0,6,0.0,3.0,0
Caramel Sundae  Large,Sundaes,Dairy Queen,600,16.0,10.0,1.0,55,260,102,0.0,81.0,12
Caramel Sundae  Medium,Sundaes,Dairy Queen,430,11.0,7.0,0.5,35,190,73,0.0,58.0,9
Caramel Sundae  Small,Sundaes,Dairy Queen,300,8.0,5.0,0.0,25,130,50,0.0,40.0,6
Cherry Sundae  Large,Sundaes,Dairy Queen,510,14.0,9.0,0.5,45,200,86,1.0,73.0,12
Cherry Sundae  Medium,Sundaes,Dairy Queen,360,9.0,6.0,0.0,30,135,61,0.0,52.0,8
Cherry Sundae  Small,Sundaes,Dairy Queen,250,7.0,4.5,0.0,25,95,42,0.0,36.0,6
Chocolate Sundae  Large,Sundaes,Dairy Queen,560,14.0,9.0,0.5,45,220,97,1.0,84.0,12
Chocolate Sundae  Medium,Sundaes,Dairy Queen,400,10.0,6.0,0.0,30,160,70,1.0,60.0,8
Chocolate Sundae  Small,Sundaes,Dairy Queen,270,7.0,4.5,0.0,25,110,48,1.0,41.0,6
Hot Fudge Sundae  Large,Sundaes,Dairy Queen,610,21.0,16.0,1.0,50,260,93,1.0,73.0,13
Hot Fudge Sundae  Medium,Sundaes,Dairy Queen,430,15.0,11.0,0.5,35,190,66,1.0,52.0,9
Hot Fudge Sundae  Small,Sundaes,Dairy Queen,300,10.0,8.0,0.0,25,125,46,0.0,36.0,6
Peanut Butter Sundae  Large,Sundaes,Dairy Queen,780,44.0,13.0,0.5,45,520,79,3.0,58.0,18
Peanut Butter Sundae  Medium,Sundaes,Dairy Queen,560,32.0,10.0,0.0,30,380,56,2.0,40.0,13
Peanut Butter Sundae  Small,Sundaes,Dairy Queen,380,22.0,7.0,0.0,25,260,39,1.0,28.0,9
Pineapple Sundae  Large,Sundaes,Dairy Queen,480,14.0,9.0,0.5,45,170,77,1.0,67.0,12
Pineapple Sundae  Medium,Sundaes,Dairy Queen,330,10.0,6.0,0.0,30,120,54,1.0,47.0,8
Pineapple Sundae  Small,Sundaes,Dairy Queen,230,7.0,4.5,0.0,25,85,38,0.0,33.0,6
Strawberry Sundae  Large,Sundaes,Dairy Queen,490,14.0,9.0,0.5,45,190,80,1.0,69.0,12
Strawberry Sundae  Medium,Sundaes,Dairy Queen,340,10.0,6.0,0.0,30,135,56,1.0,49.0,8
Strawberry Sundae  Small,Sundaes,Dairy Queen,240,7.0,4.5,0.0,25,95,39,0.0,34.0,6
Chocolate Cone  Kids,Cones,Dairy Queen,160,5.0,3.0,0.0,15,60,25,0.0,17.0,4
Chocolate Cone  Large,Cones,Dairy Queen,480,15.0,9.0,0.5,45,190,73,0.0,50.0,12
Chocolate Cone  Medium,Cones,Dairy Queen,340,10.0,6.0,0.0,30,130,52,0.0,35.0,8
Chocolate Cone  Small,Cones,Dairy Queen,240,7.0,4.5,0.0,25,90,36,0.0,25.0,6
Dipped Cone Cherry  Kids,Cones,Dairy Queen,210,9.0,7.0,0.0,15,65,28,0.0,20.0,4
Dipped Cone Cherry  Large,Cones,Dairy Queen,550,22.0,16.0,0.5,45,190,76,0.0,57.0,12
Dipped Cone Cherry  Medium,Cones,Dairy Queen,460,22.0,18.0,0.0,30,140,58,0.0,44.0,8
Dipped Cone Cherry  Small,Cones,Dairy Queen,320,15.0,12.0,0.0,25,95,40,0.0,31.0,6
Dipped Cone Chocolate  Kids,Cones,Dairy Queen,200,9.0,7.0,0.0,15,65,28,0.0,20.0,4
Dipped Cone Chocolate  Large,Cones,Dairy Queen,640,30.0,23.0,0.5,45,200,81,1.0,60.0,13
Dipped Cone Chocolate  Medium,Cones,Dairy Queen,460,22.0,17.0,0.0,30,140,58,1.0,43.0,9
Dipped Cone Chocolate  Small,Cones,Dairy Queen,320,15.0,12.0,0.0,25,95,40,1.0,30.0,6
Vanilla Cone  Kids,Cones,Dairy Queen,160,4.5,3.0,0.0,15,65,25,0.0,18.0,4
Vanilla Cone  Large,Cones,Dairy Queen,450,14.0,9.0,0.5,45,180,71,0.0,52.0,12
Vanilla Cone  Medium,Cones,Dairy Queen,320,10.0,6.0,0.0,30,130,50,0.0,36.0,8
Vanilla Cone  Small,Cones,Dairy Queen,220,7.0,4.5,0.0,25,90,34,0.0,26.0,6
AO23  Sheet Cake Multi Color Icing Quins and Streamers  RTD,DQ Cakes,Dairy Queen,8850,354.0,265.0,6.0,625,4870,1311,49.0,969.0,173
AO23  Sheet Cake Multi Color Icing Quins and Streamers  Store Made,DQ Cakes,Dairy Queen,8480,339.0,256.0,8.0,495,3820,1206,23.0,930.0,154
AO5a  10 Dots Blue Orange Yellow Green Icing  RTD,DQ Cakes,Dairy Queen,5840,236.0,178.0,4.5,460,3150,885,30.0,646.0,120
AO5a  10 Dots Blue Orange Yellow Green Icing  Store Made,DQ Cakes,Dairy Queen,5570,223.0,169.0,6.0,365,2410,812,12.0,618.0,106
AO5a  8 Dots Blue Orange Yellow Green Icing  RTD,DQ Cakes,Dairy Queen,3920,161.0,123.0,3.0,300,2090,595,20.0,431.0,78
AO5a  8 Dots Blue Orange Yellow Green Icing  Store Made,DQ Cakes,Dairy Queen,3760,153.0,118.0,4.0,240,1610,549,8.0,415.0,70
Buster Bar 6 Pack  Manufactured,Novelties,Dairy Queen,2850,177.0,107.0,1.0,95,1090,274,18.0,223.0,61
Buster Bar 6 Pack  Store Made,Novelties,Dairy Queen,2650,161.0,95.0,1.5,90,1160,255,18.0,201.0,63
Dilly Bar 6 Pack  Manufactured,Novelties,Dairy Queen,1340,74.0,61.0,1.0,85,340,153,4.0,127.0,20
Dilly Bar 6 Pack  Store Made,Novelties,Dairy Queen,1210,71.0,59.0,1.0,75,300,128,3.0,108.0,19
DQ Sandwich  6 Pack,Novelties,Dairy Queen,1100,31.0,18.0,1.0,65,780,182,3.0,104.0,23
Mango Pineapple Smoothie  Large,Premium Fruit Smoothies,Dairy Queen,420,0.0,0.0,0.0,0,180,96,1.0,92.0,8
Mango Pineapple Smoothie  Medium,Premium Fruit Smoothies,Dairy Queen,330,0.0,0.0,0.0,0,135,77,1.0,74.0,6
Mango Pineapple Smoothie  Small,Premium Fruit Smoothies,Dairy Queen,250,0.0,0.0,0.0,0,90,59,1.0,56.0,4
Mango Pineapple Smoothie  XLarge,Premium Fruit Smoothies,Dairy Queen,590,0.0,0.0,0.0,0,230,136,1.0,130.0,10
Strawberry Banana Smoothie  Large,Premium Fruit Smoothies,Dairy Queen,440,0.0,0.0,0.0,0,190,103,3.0,93.0,8
Strawberry Banana Smoothie  Medium,Premium Fruit Smoothies,Dairy Queen,350,0.0,0.0,0.0,0,140,83,3.0,75.0,6
Strawberry Banana Smoothie  Small,Premium Fruit Smoothies,Dairy Queen,260,0.0,0.0,0.0,0,100,62,2.0,56.0,4
Strawberry Banana Smoothie  XLarge,Premium Fruit Smoothies,Dairy Queen,620,0.5,0.0,0.0,0,240,144,5.0,131.0,11
Tripleberry Smoothie  Large,Premium Fruit Smoothies,Dairy Queen,460,0.0,0.0,0.0,0,180,107,2.0,104.0,8
Tripleberry Smoothie  Medium,Premium Fruit Smoothies,Dairy Queen,370,0.0,0.0,0.0,0,135,87,2.0,84.0,6
Tripleberry Smoothie  Small,Premium Fruit Smoothies,Dairy Queen,280,0.0,0.0,0.0,0,90,66,1.0,65.0,4
Tripleberry Smoothie  XLarge,Premium Fruit Smoothies,Dairy Queen,660,0.0,0.0,0.0,0,220,153,3.0,149.0,10
Orange Julius  Large,Julius Originals,Dairy Queen,400,0.0,0.0,0.0,0,70,99,0.0,95.0,2
Orange Julius  Medium,Julius Originals,Dairy Queen,260,0.0,0.0,0.0,0,45,65,0.0,62.0,1
Orange Julius  Small,Julius Originals,Dairy Queen,200,0.0,0.0,0.0,0,35,50,0.0,48.0,1
Strawberry Banana Julius  Large,Julius Originals,Dairy Queen,670,9.0,9.0,0.0,0,150,146,4.0,129.0,3
Strawberry Banana Julius  Medium,Julius Originals,Dairy Queen,460,7.0,7.0,0.0,0,105,99,3.0,86.0,2
Strawberry Banana Julius  Small,Julius Originals,Dairy Queen,330,4.5,4.5,0.0,0,75,71,2.0,64.0,1
Banana  Shake Malt,Mobile Add Ons,Dairy Queen,40,0.0,0.0,0.0,0,0,10,1.0,5.0,0
Brownie Pieces  MediumLarge Blizzard,Mobile Add Ons,Dairy Queen,120,6.0,3.0,0.0,5,95,17,1.0,9.0,1
Brownie Pieces  MiniSmall Blizzard,Mobile Add Ons,Dairy Queen,60,3.0,1.5,0.0,0,50,8,1.0,5.0,1
Butterfinger Pieces  MediumLarge Blizzard,Mobile Add Ons,Dairy Queen,170,7.0,3.5,0.0,0,90,24,1.0,14.0,3
Butterfinger Pieces  MiniSmall Blizzard,Mobile Add Ons,Dairy Queen,80,3.5,1.5,0.0,0,45,12,1.0,7.0,2
Caramel Topping  MiniSmall Blizzard,Mobile Add Ons,Dairy Queen,45,0.5,0.0,0.0,0,25,10,0.0,7.0,0
Caramel Topping  Sundae Shake Malt Moolatte MediumLarge Blizzard,Mobile Add Ons,Dairy Queen,90,1.0,0.5,0.0,5,45,20,0.0,14.0,1
Cheesecake Pieces  MediumLarge Blizzard,Mobile Add Ons,Dairy Queen,100,6.0,3.5,0.0,25,85,9,0.0,6.0,2
Cheesecake Pieces  MiniSmall Blizzard,Mobile Add Ons,Dairy Queen,50,3.0,2.0,0.0,15,40,5,0.0,3.0,1
Choco Chunks  MediumLarge Blizzard,Mobile Add Ons,Dairy Queen,70,4.5,4.0,0.0,0,0,9,1.0,7.0,1
Choco Chunks  MiniSmall Blizzard,Mobile Add Ons,Dairy Queen,35,2.5,2.0,0.0,0,0,4,0.0,4.0,0
ChocolateTopping  MiniSmall Blizzard,Mobile Add Ons,Dairy Queen,50,0.0,0.0,0.0,0,15,12,0.0,11.0,0
ChocolateTopping  Sundae Shake Malt MediumLarge Blizzard,Mobile Add Ons,Dairy Queen,90,0.0,0.0,0.0,0,30,22,1.0,20.0,0
Cookie Dough Pieces  MediumLarge Blizzard,Mobile Add Ons,Dairy Queen,290,14.0,6.0,0.0,5,210,42,1.0,24.0,2
Cookie Dough Pieces  MiniSmall Blizzard,Mobile Add Ons,Dairy Queen,150,7.0,3.0,0.0,0,105,21,0.0,12.0,1
Fudge  MediumLarge Blizzard,Mobile Add Ons,Dairy Queen,100,4.0,4.0,0.0,0,50,15,1.0,13.0,1
Fudge  MiniSmall Blizzard,Mobile Add Ons,Dairy Queen,50,2.0,2.0,0.0,0,25,7,0.0,7.0,0
MMs Candies  MediumLarge Blizzard,Mobile Add Ons,Dairy Queen,180,7.0,4.5,0.0,5,25,27,1.0,24.0,2
MMs Candies  MiniSmall Blizzard,Mobile Add Ons,Dairy Queen,90,3.5,2.0,0.0,0,15,14,0.0,12.0,1
OREO Cookie Pieces  MediumLarge Blizzard,Mobile Add Ons,Dairy Queen,180,9.0,3.0,0.0,0,115,27,1.0,17.0,1
OREO Cookie Pieces  MiniSmall Blizzard,Mobile Add Ons,Dairy Queen,120,6.0,2.0,0.0,0,75,18,0.0,11.0,1
Peanut Butter Topping  MiniSmall Blizzard,Mobile Add Ons,Dairy Queen,45,4.0,0.5,0.0,0,45,2,0.0,1.0,1
Peanut Butter Topping  Sundae Shake Malt MediumLarge Blizzard,Mobile Add Ons,Dairy Queen,120,10.0,1.5,0.0,0,115,6,1.0,2.0,2
Pineapple Topping  Sundae,Mobile Add Ons,Dairy Queen,30,0.0,0.0,0.0,0,0,7,0.0,7.0,0
Reeses Peanut Butter Cup Pieces  MediumLarge Blizzard,Mobile Add Ons,Dairy Queen,180,10.0,3.5,0.0,5,125,20,1.0,18.0,4
Reeses Peanut Butter Cup Pieces  MiniSmall Blizzard,Mobile Add Ons,Dairy Queen,90,5.0,2.0,0.0,0,60,10,1.0,9.0,2
Shredded Cheese,Mobile Add Ons,Dairy Queen,60,4.5,2.5,0.0,15,85,1,0.0,0.0,3
Strawberry Topping  MiniSmall Blizzard,Mobile Add Ons,Dairy Queen,25,0.0,0.0,0.0,0,10,7,0.0,6.0,0
Strawberry Topping  Sundae Shake Malt MediumLarge Blizzard,Mobile Add Ons,Dairy Queen,60,0.0,0.0,0.0,0,15,14,1.0,13.0,0
Vanilla Syrup  Shake Malt MooLatte,Mobile Add Ons,Dairy Queen,25,0.0,0.0,0.0,0,0,6,0.0,6.0,0
ChickfilA Chicken Biscuit,Breakfast,ChickfilA,460,23.0,8.0,0.0,45,1510,45,2.0,6.0,19
Spicy Chicken Biscuit,Breakfast,ChickfilA,450,22.0,8.0,0.0,40,1570,44,2.0,5.0,19
ChickfilA ChicknMinis,Breakfast,ChickfilA,360,13.0,4.0,0.0,60,1060,41,2.0,8.0,20
Egg White Grill,Breakfast,ChickfilA,300,8.0,4.0,0.0,65,1020,31,2.0,2.0,28
Hash Brown Scramble Burrito,Breakfast,ChickfilA,700,40.0,12.0,0.5,415,1770,51,3.0,2.0,34
Hash Brown Scramble Bowl,Breakfast,ChickfilA,470,30.0,9.0,0.0,415,1350,19,2.0,2.0,29
Chicken Egg  Cheese Biscuit,Breakfast,ChickfilA,550,28.0,12.0,0.0,215,1870,48,3.0,7.0,27
Bacon Egg  Cheese Biscuit,Breakfast,ChickfilA,420,23.0,11.0,0.0,180,1290,38,2.0,5.0,16
Sausage Egg  Cheese Biscuit,Breakfast,ChickfilA,620,42.0,18.0,0.0,205,1510,38,2.0,4.0,22
Chicken Egg  Cheese Muffin,Breakfast,ChickfilA,420,19.0,6.0,0.0,215,1350,37,1.0,4.0,27
Bacon Egg  Cheese Muffin,Breakfast,ChickfilA,310,13.0,6.0,0.0,180,800,30,2.0,2.0,17
Sausage Egg  Cheese Muffin,Breakfast,ChickfilA,500,33.0,12.0,0.0,205,1030,30,1.0,2.0,23
Hash Browns,Breakfast,ChickfilA,270,18.0,2.5,0.0,0,440,23,3.0,0.0,3
Greek Yogurt Parfait,Breakfast,ChickfilA,270,9.0,3.5,0.0,20,80,36,1.0,26.0,13
Fruit Cup,Breakfast,ChickfilA,70,0.0,0.0,0.0,0,0,16,2.0,12.0,1
Breakfast Breads,Breakfast,ChickfilA,290,15.0,6.0,0.0,0,760,37,2.0,4.0,4
ChickfilA Chicken Sandwich,Entrées,ChickfilA,420,18.0,3.5,0.0,70,1460,41,1.0,6.0,29
ChickfilA Deluxe Sandwich,Entrées,ChickfilA,490,22.0,6.0,0.0,85,1700,43,1.0,7.0,32
Spicy Chicken Sandwich,Entrées,ChickfilA,450,19.0,4.0,0.0,65,1730,45,1.0,6.0,28
Spicy Deluxe Sandwich,Entrées,ChickfilA,520,25.0,7.0,0.0,80,1790,46,2.0,7.0,31
Grilled Chicken Sandwich,Entrées,ChickfilA,390,12.0,2.0,0.0,75,770,44,3.0,12.0,28
ChickfilA Grilled Chicken Club Sandwich,Entrées,ChickfilA,520,22.0,8.0,0.0,105,1130,45,3.0,12.0,38
ChickfilA Nuggets,Entrées,ChickfilA,250,11.0,2.5,0.0,85,1210,11,0.0,1.0,27
Grilled Nuggets,Entrées,ChickfilA,130,3.0,0.5,0.0,85,440,1,0.0,1.0,25
ChickfilA ChicknStrips,Entrées,ChickfilA,310,14.0,2.5,0.0,75,870,16,0.0,2.0,29
ChickfilA Cool Wrap,Entrées,ChickfilA,660,45.0,9.0,0.0,110,1420,32,14.0,5.0,43
Cobb Salad,Salads,ChickfilA,830,60.0,13.0,0.0,230,2220,31,5.0,8.0,42
Spicy Southwest Salad,Salads,ChickfilA,680,49.0,10.0,0.0,100,1570,27,7.0,7.0,33
Market Salad,Salads,ChickfilA,550,31.0,6.0,0.0,80,1010,42,5.0,26.0,28
ChickfilA Waffle Potato Fries,Sides,ChickfilA,420,24.0,4.0,0.0,0,240,45,5.0,1.0,5
Fruit Cup,Sides,ChickfilA,70,0.0,0.0,0.0,0,0,16,2.0,12.0,1
Side Salad,Sides,ChickfilA,530,47.0,8.0,0.0,35,730,16,5.0,5.0,8
Mac  Cheese,Sides,ChickfilA,450,29.0,16.0,0.0,70,1190,28,3.0,3.0,20
Chicken Noodle Soup,Sides,ChickfilA,170,4.0,1.0,0.0,30,1220,25,1.0,1.0,10
Chicken Tortilla Soup,Sides,ChickfilA,340,11.0,3.0,0.0,50,1070,38,17.0,4.0,24
Kale Crunch Side,Sides,ChickfilA,170,12.0,1.5,0.0,0,250,13,4.0,8.0,4
Greek Yogurt Parfait,Sides,ChickfilA,270,9.0,3.5,0.0,20,80,36,1.0,26.0,13
Waffle Potato Chips,Sides,ChickfilA,220,13.0,3.5,0.0,0,250,25,2.0,0.0,3
Buddy Fruits Apple Sauce,Sides,ChickfilA,45,0.0,0.0,0.0,0,0,12,1.0,8.0,0
5 Ct Nuggets Kids Meal,Kids Meals,ChickfilA,160,7.0,1.5,0.0,50,760,7,0.0,1.0,17
2 Ct ChicknStrips Kids Meal,Kids Meals,ChickfilA,200,9.0,2.0,0.0,50,580,11,0.0,1.0,19
5 Ct Grilled Nuggets Kids Meal,Kids Meals,ChickfilA,80,2.0,0.0,0.0,55,270,1,0.0,0.0,16
Frosted Lemonade,Treats,ChickfilA,320,6.0,3.5,0.0,25,120,65,0.0,63.0,6
Frosted Coffee,Treats,ChickfilA,230,6.0,3.5,0.0,25,125,39,0.0,39.0,6
Chocolate Chunk Cookie,Treats,ChickfilA,370,17.0,9.0,0.0,15,230,49,3.0,26.0,5
Chocolate Fudge Brownie,Treats,ChickfilA,370,21.0,8.0,0.0,65,140,47,2.0,35.0,4
Peppermint Chip Milkshake,Treats,ChickfilA,670,23.0,15.0,1.0,80,360,109,1.0,94.0,11
Cookies  Cream Milkshake,Treats,ChickfilA,630,26.0,15.0,1.0,90,440,90,1.0,84.0,13
Chocolate Milkshake,Treats,ChickfilA,590,22.0,14.0,1.0,85,360,90,1.0,87.0,12
Strawberry Milkshake,Treats,ChickfilA,590,20.0,13.0,0.5,80,410,93,1.0,88.0,11
Vanilla Milkshake,Treats,ChickfilA,580,23.0,15.0,1.0,90,390,82,1.0,80.0,13
ChickfilA Icedream Cone,Treats,ChickfilA,180,4.0,2.5,0.0,15,90,32,0.0,25.0,4
ChickfilA Icedream Cup,Treats,ChickfilA,140,3.5,2.5,0.0,15,75,24,0.0,24.0,4
FreshlyBrewed Iced Tea Sweetened,Drinks,ChickfilA,100,0.0,0.0,0.0,0,0,26,0.0,26.0,0
FreshlyBrewed Iced Tea Unsweetened,Drinks,ChickfilA,0,0.0,0.0,0.0,0,0,0,0.0,0.0,0
ChickfilA Lemonade,Drinks,ChickfilA,270,0.0,0.0,0.0,0,0,69,0.0,63.0,0
ChickfilA Diet Lemonade,Drinks,ChickfilA,60,0.0,0.0,0.0,0,10,16,0.0,12.0,0
Sunjoy 12 Sweet Tea 12 Lemonade,Drinks,ChickfilA,180,0.0,0.0,0.0,0,0,45,0.0,43.0,0
Sunjoy 12 Sweet Tea 12 Diet Lemonade,Drinks,ChickfilA,100,0.0,0.0,0.0,0,0,25,0.0,24.0,0
Sunjoy 12 Unsweet Tea 12 Lemonade,Drinks,ChickfilA,90,0.0,0.0,0.0,0,0,25,0.0,23.0,0
Sunjoy 12 Unsweet Tea 12 Diet Lemonade,Drinks,ChickfilA,20,0.0,0.0,0.0,0,0,6,0.0,4.0,0
Iced Coffee,Drinks,ChickfilA,130,2.5,1.5,0.0,10,70,23,0.0,23.0,4
CocaCola,Drinks,ChickfilA,140,0.0,0.0,0.0,0,50,40,0.0,40.0,0
Dr Pepper,Drinks,ChickfilA,180,0.0,0.0,0.0,0,75,48,0.0,47.0,0
DASANI Bottled Water,Drinks,ChickfilA,0,0.0,0.0,0.0,0,0,0,0.0,0.0,0
Honest Kids Apple Juice,Drinks,ChickfilA,35,0.0,0.0,0.0,0,15,9,0.0,8.0,0
Simply Orange,Drinks,ChickfilA,160,0.0,0.0,0.0,0,10,34,0.0,30.0,2
1 Chocolate Milk,Drinks,ChickfilA,140,2.0,1.5,0.0,10,160,23,0.0,21.0,7
1 Milk,Drinks,ChickfilA,90,2.0,1.5,0.0,10,105,10,0.0,10.0,7
Coffee,Drinks,ChickfilA,0,0.0,0.0,0.0,0,10,0,0.0,0.0,0
Gallon Beverages,Drinks,ChickfilA,2090,1.5,0.0,0.0,0,95,549,2.0,517.0,2
Ice Products,Drinks,ChickfilA,0,0.0,0.0,0.0,0,0,0,0.0,0.0,0
Barbeque Sauce,Dipping Sauces,ChickfilA,45,0.0,0.0,0.0,0,200,11,0.0,9.0,0
ChickfilA Sauce,Dipping Sauces,ChickfilA,140,13.0,2.0,0.0,10,170,6,0.0,6.0,0
Garden Herb Ranch Sauce,Dipping Sauces,ChickfilA,140,15.0,2.5,0.0,10,220,1,0.0,1.0,1
Honey Mustard Sauce,Dipping Sauces,ChickfilA,50,0.0,0.0,0.0,0,160,11,0.0,10.0,0
Polynesian Sauce,Dipping Sauces,ChickfilA,110,6.0,1.0,0.0,0,210,14,0.0,13.0,0
Sweet and Spicy Sriracha Sauce,Dipping Sauces,ChickfilA,45,0.0,0.0,0.0,0,380,11,0.0,10.0,0
Zesty Buffalo Sauce,Dipping Sauces,ChickfilA,25,2.5,0.0,0.0,5,570,1,0.0,0.0,0
Honey Roasted BBQ Sauce,Dipping Sauces,ChickfilA,60,5.0,1.0,0.0,5,75,3,0.0,2.0,0
Avocado Lime Ranch Dressing,Dressings,ChickfilA,310,32.0,5.0,0.0,25,520,3,1.0,2.0,1
Creamy Salsa Dressing,Dressings,ChickfilA,290,31.0,5.0,0.0,25,630,2,0.0,1.0,1
Fat Free Honey Mustard Dressing,Dressings,ChickfilA,90,0.0,0.0,0.0,0,330,22,1.0,18.0,0
Garden Herb Ranch Dressing,Dressings,ChickfilA,280,29.0,5.0,0.0,25,440,2,0.0,1.0,1
Light Balsamic Vinaigrette Dressing,Dressings,ChickfilA,80,4.0,0.5,0.0,0,360,10,0.0,9.0,0
Light Italian Dressing,Dressings,ChickfilA,25,1.0,0.0,0.0,0,470,3,0.0,2.0,0
Zesty Apple Cider Vinaigrette Dressing,Dressings,ChickfilA,230,19.0,3.0,0.0,0,450,16,0.0,14.0,0
Grilled Breakfast Filet,Proteins,ChickfilA,60,1.0,0.0,0.0,40,420,0,0.0,0.0,13
Bacon,Proteins,ChickfilA,50,3.5,1.5,0.0,10,210,0,0.0,0.0,4
ChickfilA Breakfast Filet,Proteins,ChickfilA,160,8.0,1.5,0.0,45,750,8,0.0,2.0,15
Sausage,Proteins,ChickfilA,240,22.0,8.0,0.0,35,430,1,0.0,0.0,11
Spicy Breakfast Filet,Proteins,ChickfilA,130,6.0,1.5,0.0,35,710,6,0.0,1.0,14
Grilled Filet,Proteins,ChickfilA,110,2.0,0.0,0.0,70,370,1,0.0,1.0,21
Spicy Filet,Proteins,ChickfilA,280,13.0,2.5,0.0,65,1390,16,1.0,2.0,23
ChickfilA Filet,Proteins,ChickfilA,260,12.0,2.5,0.0,75,1170,13,0.0,2.0,25
Bacon,Sandwich Toppings,ChickfilA,50,3.5,1.5,0.0,10,210,0,0.0,0.0,4
Lettuce,Sandwich Toppings,ChickfilA,5,0.0,0.0,0.0,0,5,1,0.0,0.0,0
Tomato,Sandwich Toppings,ChickfilA,5,0.0,0.0,0.0,0,0,1,0.0,1.0,0
American Cheese,Sandwich Toppings,ChickfilA,50,4.5,2.5,0.0,15,230,1,0.0,0.0,3
Colby Jack Cheese,Sandwich Toppings,ChickfilA,80,7.0,4.0,0.0,20,140,0,0.0,0.0,5
Pepper Jack Cheese,Sandwich Toppings,ChickfilA,80,6.0,4.0,0.0,20,140,0,0.0,0.0,4
Gluten Free Bun,Buns,ChickfilA,180,3.5,0.0,0.0,0,400,37,2.0,7.0,3
White Bun Buttered,Buns,ChickfilA,180,6.0,1.0,0.0,0,240,29,1.0,4.0,5
Multigrain Brioche Bun,Buns,ChickfilA,210,4.5,1.0,0.0,0,310,38,3.0,7.0,7
White Bun Unbuttered,Buns,ChickfilA,150,1.0,0.0,0.0,0,240,28,1.0,4.0,5
Blue Cheese Crumbles,Salad Toppings,ChickfilA,30,2.5,1.5,0.0,10,110,0,0.0,0.0,2
Chili Lime Pepitas,Salad Toppings,ChickfilA,80,7.0,1.0,0.0,0,50,2,1.0,0.0,4
Crispy Bell Peppers,Salad Toppings,ChickfilA,80,6.0,0.0,0.0,0,75,6,0.0,0.0,1
Harvest Nut Granola,Salad Toppings,ChickfilA,70,2.0,0.0,0.0,0,35,10,0.0,4.0,1
Roasted Nut Blend,Salad Toppings,ChickfilA,70,6.0,0.5,0.0,0,0,2,1.0,1.0,1
Seasoned Tortilla Strips,Salad Toppings,ChickfilA,70,4.0,0.0,0.0,0,55,8,1.0,0.0,1
Saltines,Soup Toppings,ChickfilA,50,1.0,0.0,0.0,0,180,9,0.0,0.0,1
Grilled Chicken Bundleper sandwich,Trays,ChickfilA,530,21.0,8.0,0.0,135,1390,37,3.0,9.0,49
Hot ChickfilA Nugget Trays,Trays,ChickfilA,30,1.5,0.0,0.0,10,150,1,0.0,0.0,3
Chilled ChickfilA Nugget Trays,Trays,ChickfilA,30,1.5,0.0,0.0,10,150,1,0.0,0.0,3
Hot ChicknStrips Trays,Trays,ChickfilA,110,5.0,1.0,0.0,25,300,6,0.0,1.0,10
Chilled ChicknStrips Trays,Trays,ChickfilA,110,5.0,1.0,0.0,25,300,6,0.0,1.0,10
Chilled Grilled Chicken Sub Sandwich Tray,Trays,ChickfilA,220,6.0,2.5,0.0,45,490,25,2.0,4.0,18
Spicy Chilled Grilled Chicken Sub Sandwich Tray,Trays,ChickfilA,220,6.0,2.5,0.0,40,660,25,2.0,5.0,16
ChickfilA Cool Wrap Trays,Trays,ChickfilA,480,39.0,7.0,0.0,70,970,18,7.0,3.0,22
Southwest Veggie Wrap Trays,Trays,ChickfilA,460,39.0,8.0,0.0,35,940,19,8.0,3.0,14
Spicy Cool Wrap Trays,Trays,ChickfilA,1405,110.0,18.5,0.0,105,3650,87,9.0,63.0,22
Fruit Tray,Trays,ChickfilA,780,0.0,0.0,0.0,0,0,182,29.0,134.0,8
Mac  Cheese Tray,Trays,ChickfilA,4930,312.0,178.0,3.5,750,13030,308,31.0,36.0,221
Garden Salad Tray,Trays,ChickfilA,310,18.0,11.0,0.5,55,420,20,9.0,11.0,19
Kale Crunch Side Tray,Trays,ChickfilA,1160,87.0,9.0,0.0,0,1420,77,23.0,42.0,30
Chocolate Chunk Cookie Tray,Trays,ChickfilA,370,17.0,9.0,0.0,15,230,49,3.0,26.0,5
Chocolate Fudge Brownie Tray,Trays,ChickfilA,190,10.0,4.0,0.0,35,70,23,1.0,18.0,2
Chocolate Chunk Cookie and Chocolate Fudge Brownie Tray,Trays,ChickfilA,280,14.0,7.0,0.0,25,150,36,2.0,22.0,3
ChickfilA Chicken Sandwich,Catering Entrées,ChickfilA,420,18.0,3.5,0.0,70,1460,41,1.0,6.0,29
Spicy Chicken Sandwich,Catering Entrées,ChickfilA,450,19.0,4.0,0.0,65,1730,45,1.0,6.0,28
ChickfilA Nuggets,Catering Entrées,ChickfilA,160,7.0,1.5,0.0,50,760,7,0.0,1.0,17
Chilled Grilled Chicken Sub Sandwich,Catering Entrées,ChickfilA,440,12.0,5.0,0.0,90,980,49,5.0,9.0,36
Spicy Chilled Grilled Chicken Sub Sandwich,Catering Entrées,ChickfilA,430,12.0,5.0,0.0,85,1320,50,5.0,9.0,33
Gallon FreshlyBrewed Iced Tea Sweetened,Catering Drinks,ChickfilA,1540,0.0,0.0,0.0,0,115,398,0.0,397.0,0
Gallon FreshlyBrewed Iced Tea Unsweetened,Catering Drinks,ChickfilA,0,0.0,0.0,0.0,0,0,0,0.0,0.0,0
Gallon ChickfilA Iced Tea 12 Sweet Tea 12 Unsweet Tea,Catering Drinks,ChickfilA,790,0.0,0.0,0.0,0,0,205,0.0,205.0,0
Gallon ChickfilA Lemonade,Catering Drinks,ChickfilA,2090,1.5,0.0,0.0,0,95,549,2.0,517.0,2
Gallon ChickfilA Diet Lemonade,Catering Drinks,ChickfilA,460,1.5,0.0,0.0,0,95,126,2.0,91.0,3
Gallon ChickfilA Lemonade 12 Lemonade 12 Diet Lemonade,Catering Drinks,ChickfilA,1390,0.5,0.0,0.0,0,40,389,1.0,350.0,1
Gallon Sunjoy 12 Sweet Tea 12 Lemonade,Catering Drinks,ChickfilA,1970,0.0,0.0,0.0,0,0,506,2.0,481.0,2
Gallon Sunjoy 12 Sweet Tea 12 Diet Lemonade,Catering Drinks,ChickfilA,1030,1.0,0.0,0.0,0,50,270,1.0,252.0,1
Gallon Sunjoy 12 Unsweet Tea 12 Lemonade,Catering Drinks,ChickfilA,1040,0.0,0.0,0.0,0,0,291,0.0,271.0,0
Gallon Sunjoy 12 Unsweet Tea 12 Diet Lemonade,Catering Drinks,ChickfilA,240,1.0,0.0,0.0,0,50,65,1.0,47.0,1
DASANI Bottled Water,Catering Drinks,ChickfilA,0,0.0,0.0,0.0,0,0,0,0.0,0.0,0
Simply Orange,Catering Drinks,ChickfilA,160,0.0,0.0,0.0,0,10,34,0.0,30.0,2
Bottled Sweet Tea,Catering Drinks,ChickfilA,190,0.0,0.0,0.0,0,15,48,0.0,48.0,0
Bottled Unsweet Tea,Catering Drinks,ChickfilA,0,0.0,0.0,0.0,0,15,0,0.0,0.0,0
Bottled Lemonade,Catering Drinks,ChickfilA,280,0.0,0.0,0.0,0,10,73,0.0,69.0,0
Bottled Diet Lemonade,Catering Drinks,ChickfilA,60,0.0,0.0,0.0,0,10,17,0.0,12.0,0
Honest Kids Apple Juice,Catering Drinks,ChickfilA,35,0.0,0.0,0.0,0,15,9,0.0,8.0,0
Honest Kids Fruit Punch,Catering Drinks,ChickfilA,0,0.0,0.0,0.0,0,0,0,0.0,0.0,0
1 Milk,Catering Drinks,ChickfilA,90,2.0,1.5,0.0,10,105,10,0.0,10.0,7
1 Chocolate Milk,Catering Drinks,ChickfilA,140,2.0,1.5,0.0,10,160,23,0.0,21.0,7
Bag of Ice,Catering Drinks,ChickfilA,0,0.0,0.0,0.0,0,0,0,0.0,0.0,0
Ice Scoop,Catering Drinks,ChickfilA,0,0.0,0.0,0.0,0,0,0,0.0,0.0,0
Ice Bucket,Catering Drinks,ChickfilA,0,0.0,0.0,0.0,0,0,0,0.0,0.0,0
Catering Coffee,Catering Drinks,ChickfilA,0,0.0,0.0,0.0,0,80,0,0.0,0.0,0
8oz ChickfilA Sauce,Catering Sauces,ChickfilA,1140,103.0,17.0,1.5,70,1390,50,1.0,47.0,2
8oz Polynesian Sauce,Catering Sauces,ChickfilA,860,48.0,8.0,0.5,0,1680,107,2.0,102.0,1
8oz Garden Herb Ranch Sauce,Catering Sauces,ChickfilA,1100,117.0,20.0,2.0,95,1780,8,0.0,5.0,4
8oz Honey Mustard Sauce,Catering Sauces,ChickfilA,380,3.0,0.0,0.0,0,1250,88,1.0,78.0,2
8oz Barbeque Sauce,Catering Sauces,ChickfilA,360,0.0,0.0,0.0,0,1560,88,2.0,71.0,2
